Vistor Group Number ,tpsid,row1 ,row2
173204793919088,438209,295,250.75
173208457980563,438207,247,209.95
173220321526650,438213,144,122.4
173221915177692,438209,278,236.3
173228035403860,438211,466.72,372.3
173228412354821,438207,213.11,170
173228830455255,438211,380.4,303.45
173228915229084,438205,95.9,76.5
173229251257561,438203,68.2,54.4
173229376603765,438207,189.67,151.3
173229936362702,438207,209.92,167.45
173229962135889,438209,328.19,261.8
173230986130601,438209,241.88,192.95
173231466051386,438207,213.11,170
173231469612772,438207,169.42,135.15
173236050919311,438205,95.9,76.5
173236167912942,438209,307.95,245.65
173236305162763,438207,189.67,151.3
173236522893782,438207,161.97,129.2
173236945418426,438207,170.49,136
173237479285727,438209,322.86,257.55
173238205631982,438211,378.27,301.75
173238527155317,438205,94.83,75.65
173245095721509,438203,105.49,84.15
173246462555811,438203,107.62,85.85
173247046283333,438207,290.9,232.05
173247568124826,438209,231.23,184.45
173247770529918,438209,231.23,184.45
173248010449888,438207,212.05,169.15
173248093970447,438207,158.77,126.65
173248155805237,438205,112.95,90.1
173251756298291,438207,186.47,148.75
173252707237520,438205,127.87,102
173253350119819,438209,314.34,250.75
173254992584887,438207,198.19,158.1
173255347784157,438207,180.08,143.65
173256874309415,438203,105.49,84.15
173256973228891,438207,206.72,164.9
173257233075773,438205,115.08,91.8
173261549433545,438203,66.06,52.7
173261771445793,438203,80.98,64.6
173262108923015,438207,182.21,145.35
173262743919326,438209,302.62,241.4
173262955967850,438209,280.24,223.55
173263368746994,438207,231.23,184.45
173264957158362,438209,320.73,255.85
173266649424045,438209,246.14,196.35
173271527212749,438203,68.2,54.4
173272593636529,438207,180.08,143.65
173273200653865,438207,182.21,145.35
173273566747873,438203,77.79,62.05
173274161670514,438207,190.74,152.15
173274179180457,438207,209.92,167.45
173274266674576,438207,248.28,198.05
173275183439011,438211,304.75,243.1
173275404690898,438205,80.98,64.6
173277217330756,438211,400.01,302.6
173279982784601,438207,198.88,150.45
173282259340276,438203,117.98,89.25
173282577693586,438207,200,151.3
173283249790426,438207,166.3,125.8
173283971995613,438203,117.98,89.25
173287137543178,438211,383.15,289.85
173288072229537,438207,148.32,112.2
173288086443152,438209,338.21,255.85
173288125672200,438207,235.96,178.5
173288444570232,438209,258.43,195.5
173289232515818,438207,200,151.3
173289706324655,438203,71.91,54.4
173290768648225,438203,93.26,70.55
173291226054356,438211,330.34,249.9
173297334648528,438209,333.71,252.45
173298006497286,438205,108.99,82.45
173308493249245,438207,195.51,147.9
173309125325362,438203,98.88,74.8
173309301208387,438207,168.54,127.5
173313148326908,438207,243.82,184.45
173313889009725,438207,206.75,156.4
173314447307699,438207,171.91,130.05
173315091557487,438207,192.14,145.35
173315508047700,438205,100,75.65
173316184149165,438205,108.99,82.45
173316955068357,438207,220.23,166.6
173317508632259,438205,112.36,85
173320257504349,438207,201.13,152.15
173321539893479,438203,110.11,83.3
173325544349668,438205,116.86,88.4
173326953633561,438203,103.37,78.2
173330352482644,438209,358.43,271.15
173331659693054,438207,182.03,137.7
173333003005285,438207,198.88,150.45
173334003614648,438211,529.22,400.35
173334619141186,438207,234.84,177.65
173334914002599,438203,80.9,61.2
173340045078013,438209,298.88,226.1
173342006246587,438207,187.64,141.95
173349122246406,438205,124.72,94.35
173357492673927,438207,274.16,207.4
173357967424009,438207,224.72,170
173358472413572,438205,100,75.65
173358919464687,438203,98.88,74.8
173374440509563,438207,228.09,172.55
173374496643248,438211,350.57,265.2
173374735897775,438207,274.16,207.4
173374744645162,438203,66.29,50.15
173376714606429,438203,87.64,66.3
173382535629190,438205,86.52,65.45
173383068520451,438203,62.92,47.6
173383594386414,438205,115.73,87.55
173384211458386,438207,184.27,139.4
173386558376052,438209,300.01,226.95
173386759572666,438203,88.77,67.15
173391391708691,438203,107.87,81.6
173391436750050,438207,200,151.3
173391567556100,438207,207.87,157.25
173391710761128,438209,355.06,268.6
173391985387304,438207,244.95,185.3
173392831402991,438203,88.77,67.15
173393063460382,438207,185.4,140.25
173403415498209,438203,119.1,90.1
173404791921160,438207,260.68,197.2
173408138671004,438203,96.63,73.1
173409323393539,438209,364.05,275.4
173418328828417,438207,180.9,136.85
173418492124881,438205,152.81,115.6
173420344159889,438207,201.13,152.15
173426126872367,438207,202.25,153
173427629735557,438207,265.17,200.6
173428082604058,438205,150.56,113.9
173428192035846,438208,183.15,138.55
173428339312924,438207,203.37,153.85
173428854838329,438207,184.27,139.4
173429267376711,438207,265.17,200.6
173429381074433,438207,298.88,226.1
173429989339403,438203,68.54,51.85
173434044042323,438203,88.77,67.15
173434060671509,438207,213.49,161.5
173435984157437,438207,215.73,163.2
173436667182286,438205,149.44,113.05
173437177245050,438203,88.77,67.15
173437602825963,438207,260.68,197.2
173443315182800,438205,87.64,66.3
173443866586376,438207,232.59,175.95
173452327708903,438207,200,151.3
173452547782180,438207,222.48,168.3
173453092130153,438205,139.33,105.4
173453661961704,438203,128.09,96.9
173453793659088,438209,334.84,253.3
173454409629331,438211,358.43,271.15
173455189452355,438207,220.23,166.6
173455866398888,438207,262.93,198.9
173455973947224,438203,119.1,90.1
173460263538453,438205,108.99,82.45
173460526758425,438207,200,151.3
173461376097892,438203,88.77,67.15
173469729008620,438207,220.23,166.6
173469875704575,438203,125.84,95.2
173470258882036,438203,86.52,65.45
173470312117959,438207,195.51,147.9
173471046124934,438207,305.62,231.2
173471344992089,438209,285.4,215.9
173471629374889,438203,104.5,79.05
173478744346983,438203,91.01,68.85
173479212189153,438209,448.32,339.15
173488318260522,438207,152.81,115.6
173491426734989,438207,294.39,222.7
173494595678053,438211,382.03,289
173495107090041,438207,306.75,232.05
173498764772526,438205,119.1,90.1
173498790083663,438207,228.09,172.55
173503430396669,438207,174.16,131.75
173503631611293,438209,300.01,226.95
173504440391042,438207,186.52,141.1
173505470257853,438207,171.91,130.05
173505948667928,438208,274.16,207.4
173508410107404,438205,150.56,113.9
173522710162017,438209,344.95,260.95
173523852135717,438207,189.89,143.65
173526684392073,438207,216.86,164.05
173529884279002,438207,210.12,158.95
173530244348429,438203,102.25,77.35
173532187795658,438209,253.94,192.1
173532817433655,438203,92.14,69.7
173533027453470,438207,164.05,124.1
173533795684114,438207,202.25,153
173538115058058,438209,260.68,197.2
173538488856764,438209,328.1,248.2
173538579874768,438209,255.06,192.95
173539136411351,438203,97.75,73.95
173542801528067,438207,255.06,192.95
173543564651462,438207,212.36,160.65
173546759385855,438203,65.17,49.3
173547208646368,438207,148.32,112.2
173547941816927,438205,116.86,88.4
173549307553908,438209,296.63,224.4
173550715971362,438205,116.86,88.4
173551124824044,438203,66.29,50.15
173204183677552,438209,267,226.95
173204782360580,438207,203,172.55
173205185151959,438203,72,61.2
173205284300448,438207,194,164.9
173209589316291,438209,269,228.65
173221744341052,438207,285,242.25
173222213210654,438203,65,55.25
173222230905879,438205,111,94.35
173228176492791,438203,80.98,64.6
173228840116297,438207,305.82,243.95
173235510260042,438207,155.57,124.1
173235778992624,438205,94.83,75.65
173237373335927,438207,189.67,151.3
173242622957210,438203,76.72,61.2
173245533270349,438207,158.77,126.65
173246097766736,438207,189.67,151.3
173246990818417,438207,216.31,172.55
173249517052923,438205,94.83,75.65
173252765489858,438203,100.16,79.9
173254519805502,438207,192.87,153.85
173256251275820,438207,271.72,216.75
173263754719420,438207,167.29,133.45
173264142188447,438209,314.34,250.75
173264418519535,438207,208.85,166.6
173265419147672,438203,72.46,57.8
173271105521780,438207,173.69,138.55
173278924955661,438205,141.58,107.1
173282888793374,438207,195.51,147.9
173282904907178,438207,266.3,201.45
173283310871376,438207,251.69,190.4
173288384995923,438205,124.72,94.35
173288887218247,438207,198.88,150.45
173290450675455,438203,85.39,64.6
173291645344696,438207,200,151.3
173292386099871,438203,80.9,61.2
173295256192248,438203,80.9,61.2
173296761018584,438203,76.41,57.8
173296993238337,438209,315.74,238.85
173297699395413,438205,112.36,85
173299269334175,438209,273.04,206.55
173308391890928,438207,167.42,126.65
173308749593100,438205,126.97,96.05
173313516770466,438204,103.37,78.2
173315111340100,438205,108.99,82.45
173323369790574,438207,211.24,159.8
173325245507019,438208,186.52,141.1
173338292865749,438203,84.27,63.75
173340159127959,438209,319.11,241.4
173343809388582,438203,78.65,59.5
173350380997679,438207,191.01,144.5
173357927275810,438209,334.84,253.3
173358979769710,438203,87.64,66.3
173375843187842,438207,177.53,134.3
173383003269864,438205,135.96,102.85
173383436272091,438207,211.24,159.8
173392244492327,438207,260.68,197.2
173412946403125,438203,122.47,92.65
173419822021274,438207,200,151.3
173438424424062,438207,310.12,234.6
173444729515292,438203,128.09,96.9
173445059247508,438203,110.11,83.3
173446021172159,438207,287.65,217.6
173453917699050,438207,212.36,160.65
173462070993415,438207,241.58,182.75
173470413684066,438205,116.86,88.4
173470544414640,438207,178.65,135.15
173471890768270,438207,200,151.3
173472656740574,438207,188.77,142.8
173478952865165,438207,182.03,137.7
173487446535915,438209,300.01,226.95
173495717644871,438205,152.81,115.6
173497311373980,438207,243.82,184.45
173520317725531,438209,330.34,249.9
173521569751695,438207,200,151.3
173522205472027,438207,173.04,130.9
173522712687170,438209,344.95,260.95
173522943885524,438207,200,151.3
173529313081300,438205,156.18,118.15
173530271090585,438203,87.64,66.3
173533284341608,438205,152.81,115.6
173538815518447,438207,192.14,145.35
173539095361234,438207,180.9,136.85
173539402708718,438207,173.04,130.9
173539442163469,438205,103.37,78.2
173540928820517,438203,75.28,56.95
173547600638234,438203,124.72,94.35
173202346363028,438207,166,141.1
173205159656809,438209,292,248.2
173209666639923,438205,104,88.4
173209679827528,438207,178,151.3
173209690896806,438207,179,152.15
173209951047760,438205,119,101.15
173210631788705,438203,64,54.4
173211015629521,438205,89,75.65
173213413935415,438205,89,75.65
173219869042733,438203,89,75.65
173222599242982,438207,224,190.4
173226926197039,438209,227.8,227.8
173229313803676,438207,213.11,170
173235119551747,438209,408.11,325.55
173235583295882,438211,382.54,305.15
173236783038808,438207,161.97,129.2
173237356989655,438207,219.51,175.1
173239837267283,438209,419.83,334.9
173240338161887,438207,151.31,120.7
173244988119431,438207,158.77,126.65
173245011554878,438211,386.8,308.55
173245118278041,438207,245.08,195.5
173245226808897,438203,84.18,67.15
173245426908261,438207,216.31,172.55
173252373685546,438207,233.36,186.15
173252557978637,438203,105.49,84.15
173253068561288,438207,172.62,137.7
173253125632289,438207,238.69,190.4
173253164585773,438205,94.83,75.65
173253320908509,438207,192.87,153.85
173253913157727,438203,80.98,64.6
173253947321940,438203,54.34,43.35
173254085892406,438203,80.98,64.6
173254271256467,438207,233.36,186.15
173257885894567,438203,69.26,55.25
173261504896236,438207,223.77,178.5
173261772590280,438207,244.01,194.65
173262403776136,438207,182.21,145.35
173263945266942,438207,158.77,126.65
173265131533452,438207,239.75,191.25
173265239287493,438203,71.39,56.95
173265571844718,438209,343.11,273.7
173269723512779,438203,69.26,55.25
173270198380683,438209,284.5,226.95
173270922437520,438207,213.11,170
173271890894869,438207,192.87,153.85
173272376413287,438209,326.06,260.1
173273011292294,438207,191.8,153
173274767242450,438207,207.78,165.75
173278922658734,438207,221.35,167.45
173279066773852,438207,247.2,187
173283002463034,438207,220.23,166.6
173286674732759,438207,203.37,153.85
173286957129741,438207,200,151.3
173287897288466,438205,108.99,82.45
173287937425814,438207,158.43,119.85
173289558411230,438207,169.67,128.35
173289561527114,438207,189.89,143.65
173289797959106,438211,470.79,356.15
173289803255593,438207,192.14,145.35
173291170307418,438207,203.37,153.85
173292332670732,438203,102.25,77.35
173296856573261,438207,186.52,141.1
173297107101875,438205,146.07,110.5
173297745020829,438207,235.96,178.5
173297789193520,438207,211.24,159.8
173298135299419,438207,230.34,174.25
173299303472322,438203,102.25,77.35
173300721418807,438207,195.51,147.9
173304951078814,438209,249.44,188.7
173306118166786,438203,75.28,56.95
173306164614451,438207,202.25,153
173313244158658,438207,233.71,176.8
173313568884639,438203,111.24,84.15
173313697717616,438205,100,75.65
173313812945402,438207,277.53,209.95
173314940420014,438209,347.2,262.65
173316629174497,438203,105.62,79.9
173317739977537,438209,224.72,170
173324049546964,438211,433.72,328.1
173325553260676,438207,161.8,122.4
173327007514770,438205,120.23,90.95
173330596052891,438205,120.23,90.95
173331429405173,438203,88.77,67.15
173331670536910,438207,253.94,192.1
173332221060183,438209,295.51,223.55
173334379610619,438207,233.71,176.8
173339987204250,438207,184.27,139.4
173342347007470,438205,149.44,113.05
173342745411857,438209,391.02,295.8
173348771942237,438207,212.36,160.65
173373519796436,438205,91.01,68.85
173374059890390,438207,200,151.3
173374369271434,438209,361.8,273.7
173375960651694,438205,100,75.65
173376542222363,438207,151.69,114.75
173377220217929,438203,96.63,73.1
173377748624272,438203,121.35,91.8
173381378640534,438205,108.99,82.45
173382435747153,438207,221.35,167.45
173383804862579,438203,66.29,50.15
173385865625370,438207,184.27,139.4
173386163713365,438209,288.77,218.45
173391741480590,438207,226.97,171.7
173392654283587,438207,203.37,153.85
173393779307178,438209,337.08,255
173394919959357,438207,203.37,153.85
173399031845918,438203,117.98,89.25
173400342125393,438207,166.3,125.8
173400427192388,438209,332.59,251.6
173401300346995,438211,397.76,300.9
173404920374108,438207,296.63,224.4
173406975848942,438211,402.25,304.3
173408441606233,438209,344.95,260.95
173408461545807,438203,77.53,58.65
173408977994814,438209,315.74,238.85
173409827725674,438207,200,151.3
173409853179436,438207,244.95,185.3
173410022338510,438207,247.2,187
173410037541109,438207,243.82,184.45
173410636572482,438205,152.81,115.6
173417406275642,438207,168.54,127.5
173430536762331,438207,228.09,172.55
173434077674712,438207,195.51,147.9
173434629715613,438203,96.63,73.1
173435280919533,438203,122.47,92.65
173436688372243,438209,280.9,212.5
173436877674719,438207,222.48,168.3
173437227461043,438203,125.84,95.2
173442803526690,438209,338.21,255.85
173443540945329,438205,147.19,111.35
173447812154022,438203,84.27,63.75
173451481076824,438203,57.3,43.35
173452099252307,438207,183.15,138.55
173453034966765,438205,93.26,70.55
173454356655057,438207,205.62,155.55
173454731521323,438207,287.65,217.6
173454958751102,438203,84.27,63.75
173456054893222,438207,196.63,148.75
173462032830511,438207,180.9,136.85
173462837181128,438209,375.29,283.9
173468780266557,438205,151.69,114.75
173469219374228,438207,294.39,222.7
173469370503480,438207,211.24,159.8
173470158592844,438209,256.18,193.8
173471855467971,438207,195.51,147.9
173472692049772,438205,156.18,118.15
173473921034311,438203,120.23,90.95
173477854453871,438207,152.81,115.6
173478117813694,438207,187.64,141.95
173479246037134,438207,241.58,182.75
173480064828927,438203,120.23,90.95
173481200535308,438203,125.84,95.2
173487705419487,438207,198.88,150.45
173490525204036,438205,113.49,85.85
173494591124279,438203,121.35,91.8
173495650058103,438207,179.78,136
173496040838522,438209,295.51,223.55
173496684181544,438203,122.47,92.65
173498706094213,438207,228.09,172.55
173502824441907,438207,195.51,147.9
173504213204742,438215,133.71,101.15
173513672440522,438205,116.86,88.4
173522119300186,438205,103.37,78.2
173529276327478,438207,255.06,192.95
173529328792353,438205,116.86,88.4
173529886353449,438207,298.88,226.1
173529969122462,438205,105.62,79.9
173530830898254,438203,65.17,49.3
173531229436712,438207,195.51,147.9
173531408833057,438203,65.17,49.3
173533391687352,438208,264.05,199.75
173533736705089,438203,124.72,94.35
173537342471900,438203,88.77,67.15
173538384734637,438207,247.2,187
173538475187278,438207,200,151.3
173538596745673,438207,247.2,187
173538763866211,438209,344.95,260.95
173539197850930,438209,328.1,248.2
173540139462087,438209,330.34,249.9
173541261962729,438204,58.43,44.2
173546793284218,438203,111.24,84.15
173547150254638,438203,84.27,63.75
173547553100338,438205,116.86,88.4
173547863440206,438207,180.9,136.85
173548513466571,438207,280.9,212.5
173549560285027,438207,195.51,147.9
173551282852009,438211,470.79,356.15
173204773668709,438207,222,188.7
173208537629573,438207,201,170.85
173209653050708,438211,356,302.6
173210741828475,438207,200,170
173211025802056,438205,124,105.4
173220632932363,438205,114,96.9
173221883734782,438207,208,176.8
173227500250322,438209,271.91,205.7
173227522656194,438209,325.85,246.5
173228106381094,438205,136.39,108.8
173229442833014,438203,105.49,84.15
173229735794337,438205,123.6,98.6
173231301887750,438207,208.85,166.6
173231343301192,438207,155.57,124.1
173235743992099,438207,175.82,140.25
173236007102920,438207,299.42,238.85
173236047101055,438209,240.82,192.1
173236231055899,438207,137.46,109.65
173236403524121,438207,163.03,130.05
173236476520044,438207,216.31,172.55
173236587403686,438205,95.9,76.5
173236712204333,438207,161.97,129.2
173237030115839,438205,126.8,101.15
173237528146636,438209,264.26,210.8
173237935271692,438209,319.67,255
173239889488888,438205,132.13,105.4
173240293454638,438207,229.1,182.75
173245529678063,438203,107.62,85.85
173245713477883,438207,204.59,163.2
173246346535323,438209,281.31,224.4
173246866377955,438209,240.82,192.1
173247057070706,438207,151.31,120.7
173247133009965,438211,352.7,281.35
173247242556317,438209,240.82,192.1
173247365921694,438207,186.47,148.75
173247403242669,438207,203.52,162.35
173247551066851,438207,190.74,152.15
173251946739402,438207,180.08,143.65
173253327954755,438209,280.24,223.55
173254482494941,438209,338.85,270.3
173254657303793,438209,300.49,239.7
173255020450419,438207,254.67,203.15
173256241860506,438203,56.47,45.05
173256916502430,438203,94.83,75.65
173257675304453,438203,76.72,61.2
173261451236440,438209,302.62,241.4
173262003698577,438209,289.83,231.2
173262925475571,438207,193.93,154.7
173262943691399,438205,102.29,81.6
173265287254229,438203,73.52,58.65
173268997439417,438209,268.52,214.2
173271015459054,438203,84.18,67.15
173271670270559,438209,295.16,235.45
173272066276441,438209,326.06,260.1
173277412748225,438211,400.01,302.6
173279052769332,438209,297.76,225.25
173279078903020,438209,332.59,251.6
173281223626677,438207,216.86,164.05
173282500870607,438209,310.12,234.6
173282625230904,438205,141.58,107.1
173282662967239,438207,184.27,139.4
173282822111319,438205,101.13,76.5
173286700958008,438205,139.33,105.4
173287175715985,438207,251.69,190.4
173287199762936,438207,169.67,128.35
173287549107001,438209,328.1,248.2
173287902535351,438207,158.43,119.85
173288101843813,438207,200,151.3
173288561360789,438209,391.02,295.8
173289277695908,438207,198.88,150.45
173290198401096,438207,189.89,143.65
173291005092946,438209,293.26,221.85
173295074399648,438203,71.91,54.4
173295384290056,438207,257.31,194.65
173296606700395,438207,226.97,171.7
173297532387193,438207,200,151.3
173298211697431,438207,235.96,178.5
173299700765712,438207,166.3,125.8
173306771675300,438207,235.96,178.5
173313637406980,438203,111.24,84.15
173314533960553,438207,241.58,182.75
173314932037514,438207,170.79,129.2
173315029003467,438207,197.76,149.6
173315209275067,438211,478.66,362.1
173315629046625,438207,241.58,182.75
173318379206416,438207,197.76,149.6
173321151101681,438203,102.25,77.35
173322714011863,438211,286.52,216.75
173323111989838,438205,150.56,113.9
173323160726194,438211,350.57,265.2
173331234617621,438209,287.65,217.6
173332249524571,438207,265.17,200.6
173333373717379,438207,276.41,209.1
173333656132423,438203,121.35,91.8
173334447328105,438203,117.98,89.25
173338164179222,438205,101.13,76.5
173338419312009,438203,107.87,81.6
173339980473772,438207,244.95,185.3
173342186620584,438205,144.95,109.65
173342369966209,438207,260.68,197.2
173348950651356,438207,211.24,159.8
173355774532728,438205,100,75.65
173357919605571,438207,235.96,178.5
173358231509207,438207,166.3,125.8
173358514776638,438209,280.9,212.5
173361810162108,438207,262.93,198.9
173365527506249,438207,168.54,127.5
173369253020001,438205,106.74,80.75
173369337636862,438209,255.06,192.95
173374161394910,438209,376.41,284.75
173382899641168,438207,237.08,179.35
173383501894113,438209,295.51,223.55
173383869770739,438209,350.57,265.2
173384788660399,438205,106.74,80.75
173386739674712,438209,358.43,271.15
173387325960806,438205,124.72,94.35
173392183813965,438209,216.86,164.05
173392591909969,438205,150.56,113.9
173393438201541,438207,193.26,146.2
173393587939764,438207,200,151.3
173399544163832,438209,302.25,228.65
173401845296530,438211,419.11,317.05
173402041030621,438207,200,151.3
173403776213372,438207,243.82,184.45
173405644095342,438211,301.13,227.8
173408751255468,438209,275.29,208.25
173420468633645,438207,148.32,112.2
173426063707970,438203,89.89,68
173426277389692,438203,101.13,76.5
173426480521270,438203,117.98,89.25
173427316492976,438207,173.04,130.9
173429483105176,438209,311.24,235.45
173434311711032,438207,202.25,153
173434387768969,438203,122.47,92.65
173434506478815,438203,111.24,84.15
173436125369885,438209,333.71,252.45
173437000670853,438207,228.09,172.55
173443254927423,438205,87.64,66.3
173443883837324,438207,232.59,175.95
173445260019197,438207,189.89,143.65
173446169127329,438205,153.94,116.45
173452527758429,438207,155.06,117.3
173452901629287,438207,210.12,158.95
173455546048993,438205,101.13,76.5
173456126506567,438205,153.94,116.45
173460404272801,438207,200,151.3
173461570874164,438207,262.93,198.9
173462648033280,438207,217.98,164.9
173464468305235,438209,292.14,221
173464581181636,438205,91.01,68.85
173468003756976,438203,125.84,95.2
173469695290017,438203,122.47,92.65
173469743704860,438203,64.05,48.45
173470245728852,438205,103.37,78.2
173470284852240,438203,62.92,47.6
173470612494832,438205,149.44,113.05
173472380254744,438203,103.37,78.2
173472443199378,438209,286.52,216.75
173478367925747,438207,171.91,130.05
173479192088798,438207,243.82,184.45
173489759567690,438203,120.23,90.95
173489883077720,438205,153.94,116.45
173491838741466,438207,200,151.3
173495670668248,438207,187.64,141.95
173498255967963,438207,241.58,182.75
173503433268364,438207,167.42,126.65
173503748189583,438207,214.61,162.35
173507829619849,438203,59.55,45.05
173511612690470,438203,71.91,54.4
173512935580276,438207,200,151.3
173521442678112,438207,223.6,169.15
173529929064629,438207,155.06,117.3
173529971555472,438205,91.01,68.85
173530148017444,438209,302.25,228.65
173530199576824,438203,71.91,54.4
173530553540313,438203,62.92,47.6
173531093415405,438207,182.03,137.7
173532775817944,438207,189.89,143.65
173533568415521,438205,123.6,93.5
173533916290008,438207,231.46,175.1
173534078382873,438205,103.37,78.2
173534587362208,438209,302.25,228.65
173538149494512,438203,124.72,94.35
173538297488997,438205,108.99,82.45
173538318190240,438207,195.51,147.9
173539067763919,438207,155.06,117.3
173540429658320,438203,86.52,65.45
173546579313757,438207,169.67,128.35
173548738718413,438211,460.68,348.5
173549000278361,438207,148.32,112.2
173549491035845,438207,189.89,143.65
173201490691272,438205,119,101.15
173201557246119,438207,135,114.75
173202012132209,438205,89,75.65
173204192662817,438205,119,101.15
173204940316450,438209,274,232.9
173218876806182,438205,119,101.15
173229558078818,438207,155.57,124.1
173230355707831,438209,310.08,247.35
173230817269183,438209,328.19,261.8
173235798931197,438207,198.19,158.1
173237940288645,438209,254.67,203.15
173238114209203,438207,187.54,149.6
173238120207914,438207,170.49,136
173238823351354,438205,94.83,75.65
173243630818767,438203,70.33,56.1
173244507681849,438207,163.03,130.05
173246742711190,438209,240.82,192.1
173247221474088,438207,177.95,141.95
173253276851764,438207,195,155.55
173254159473675,438207,160.9,128.35
173256562916708,438203,105.49,84.15
173256587173239,438203,105.49,84.15
173258023240886,438207,238.69,190.4
173261330326975,438207,208.85,166.6
173261486299273,438203,68.2,54.4
173262810124819,438207,189.67,151.3
173263462994077,438209,300.49,239.7
173264125515313,438203,94.83,75.65
173265863822346,438203,84.18,67.15
173271201185597,438205,126.8,101.15
173271758893126,438207,193.93,154.7
173271793134030,438207,218.44,174.25
173272105458651,438207,206.72,164.9
173273568018738,438207,233.36,186.15
173274595151321,438207,173.69,138.55
173277955041720,438205,100,75.65
173279788082069,438207,168.54,127.5
173279790434134,438203,105.62,79.9
173280517014178,438207,219.1,165.75
173280609591786,438207,168.54,127.5
173281011779570,438209,288.77,218.45
173281353036541,438209,316.86,239.7
173281908197250,438205,101.13,76.5
173283018246025,438207,220.23,166.6
173283675131927,438203,76.41,57.8
173287275456099,438205,139.33,105.4
173287586588135,438209,332.59,251.6
173287744860115,438207,286.52,216.75
173288563121043,438207,189.89,143.65
173289867032200,438207,231.46,175.1
173290878256864,438207,192.14,145.35
173292247703114,438205,115.73,87.55
173292688343564,438211,368.55,278.8
173294652563911,438203,107.87,81.6
173295822409472,438209,262.93,198.9
173296621825980,438203,73.03,55.25
173298166110529,438207,216.86,164.05
173299912053456,438207,148.32,112.2
173306050430547,438203,80.9,61.2
173308160477514,438207,185.4,140.25
173313503865992,438207,162.92,123.25
173314454701653,438203,111.24,84.15
173314856129826,438209,328.1,248.2
173317176388773,438205,143.82,108.8
173317294969558,438207,185.4,140.25
173320375829813,438203,58.43,44.2
173322087519620,438209,261.8,198.05
173322888608397,438203,57.3,43.35
173323306644293,438207,201.13,152.15
173323399806155,438203,115.73,87.55
173323421722871,438203,115.73,87.55
173323789478745,438209,377.53,285.6
173332148087931,438207,225.85,170.85
173332788166041,438207,233.71,176.8
173349937127811,438211,430.34,325.55
173351363672085,438207,220.23,166.6
173356520248654,438209,370.79,280.5
173357285229681,438209,306.75,232.05
173358401499970,438205,124.72,94.35
173358704493075,438209,308.99,233.75
173366915291895,438203,111.24,84.15
173375346836274,438205,141.58,107.1
173377778618825,438203,71.91,54.4
173383054672666,438209,302.25,228.65
173383553192197,438203,73.03,55.25
173383842132840,438203,62.92,47.6
173391357791329,438207,223.6,169.15
173392189966562,438207,169.67,128.35
173392603874213,438207,203.37,153.85
173394637346450,438209,296.63,224.4
173402746356723,438207,200,151.3
173403856273233,438209,302.25,228.65
173408569459754,438209,358.43,271.15
173409867008209,438205,149.44,113.05
173418573799470,438207,197.76,149.6
173418575998014,438207,210.12,158.95
173419073844738,438209,279.78,211.65
173419523935151,438209,279.78,211.65
173420710475574,438205,150.56,113.9
173427053160311,438207,235.96,178.5
173429367245094,438205,116.86,88.4
173433819767565,438207,197.76,149.6
173434411571790,438209,316.86,239.7
173434449167378,438207,283.15,214.2
173435635375249,438207,242.7,183.6
173435963252169,438207,186.52,141.1
173436318692797,438209,224.72,170
173438790821741,438212,405.63,306.85
173442792560334,438203,62.92,47.6
173442951752022,438209,250.57,189.55
173444244489088,438209,313.49,237.15
173444789776775,438207,279.78,211.65
173444839201430,438207,251.69,190.4
173445096016770,438207,189.89,143.65
173445179998567,438207,295.51,223.55
173445193206996,438207,229.22,173.4
173446366771971,438207,200,151.3
173446446853647,438207,242.7,183.6
173446482605943,438203,88.77,67.15
173447294014415,438207,246.07,186.15
173451713240508,438207,287.65,217.6
173452097163900,438205,101.13,76.5
173452305815732,438205,156.18,118.15
173452723574278,438207,253.94,192.1
173453734371296,438207,184.27,139.4
173455343061602,438209,302.25,228.65
173459613250575,438207,291.02,220.15
173460160389532,438207,183.15,138.55
173460360574655,438209,307.87,232.9
173460519638620,438207,220.23,166.6
173462175797931,438207,195.51,147.9
173463906751765,438205,148.32,112.2
173468805818918,438203,59.55,45.05
173468829531104,438203,65.17,49.3
173477944441642,438207,231.46,175.1
173478033918176,438203,84.27,63.75
173480971622719,438205,153.94,116.45
173485384026758,438203,88.77,67.15
173486998803717,438203,84.27,63.75
173490755096969,438205,151.69,114.75
173495404102827,438209,285.4,215.9
173497292714914,438207,219.1,165.75
173497845929801,438205,152.81,115.6
173499976029048,438203,88.77,67.15
173505416672406,438207,217.98,164.9
173506097008091,438207,201.13,152.15
173513148867475,438203,122.47,92.65
173521337212239,438205,150.56,113.9
173522147229638,438209,367.42,277.95
173522219175166,438205,103.37,78.2
173522706257679,438205,100,75.65
173523762897392,438207,200,151.3
173525098402548,438203,88.77,67.15
173525251435582,438209,406.75,307.7
173529120668120,438205,116.86,88.4
173529596774910,438207,311.24,235.45
173529692291554,438203,128.09,96.9
173532444591852,438207,210.12,158.95
173532543473970,438205,93.26,70.55
173532549538255,438209,265.17,200.6
173532979480003,438211,400.01,302.6
173533719821850,438205,152.81,115.6
173534349859193,438203,88.77,67.15
173537991318839,438207,189.89,143.65
173538047393072,438209,295.51,223.55
173538240087333,438207,200,151.3
173538550149892,438207,248.32,187.85
173538678766638,438207,201.13,152.15
173538902132135,438209,326.97,247.35
173539223843456,438211,350.57,265.2
173541057580924,438203,71.91,54.4
173541302119943,438209,313.49,237.15
173541651423660,438203,64.05,48.45
173541734712081,438207,195.51,147.9
173542242523859,438207,248.32,187.85
173542291726808,438207,255.06,192.95
173545957859820,438207,255.06,192.95
173546331181859,438209,315.74,238.85
173547480539643,438203,124.72,94.35
173549032625570,438207,239.33,181.05
173551500970228,438207,168.54,127.5
173204308387412,438209,282,239.7
173204833961927,438211,372,316.2
173206965083739,438203,101,85.85
173222663029375,438207,178,151.3
173229569705292,438203,79.92,63.75
173229576807099,438207,209.92,167.45
173231391735175,438209,284.5,226.95
173235737627178,438209,290.9,232.05
173236168464507,438209,272.78,217.6
173245642895708,438209,279.18,222.7
173247468927869,438207,188.6,150.45
173247596532503,438209,310.08,247.35
173247894430607,438209,310.08,247.35
173248798866936,438209,249.34,198.9
173254934643977,438207,170.49,136
173254994412621,438205,110.82,88.4
173255994612531,438203,74.59,59.5
173256285736814,438207,253.6,202.3
173257058219277,438209,346.31,276.25
173261609629030,438207,228.03,181.9
173263412582581,438205,123.6,98.6
173263966355450,438207,159.83,127.5
173264101197422,438207,300.49,239.7
173265325754616,438207,157.7,125.8
173270659414427,438207,189.67,151.3
173270976092831,438203,84.18,67.15
173271046708676,438203,100.16,79.9
173271502414286,438209,275.98,220.15
173273498784395,438205,126.8,101.15
173274577835018,438207,181.15,144.5
173274859254383,438207,181.15,144.5
173277322823515,438211,400.01,302.6
173277793522140,438207,189.67,151.3
173279526636425,438209,300.01,226.95
173281224596342,438203,121.35,91.8
173284115980120,438205,105.62,79.9
173286731167344,438207,148.32,112.2
173287255865802,438209,332.59,251.6
173287768841711,438209,339.33,256.7
173287991429908,438207,184.27,139.4
173288224145487,438207,179.78,136
173288369800086,438207,158.43,119.85
173288389730701,438207,182.03,137.7
173290792371719,438203,111.24,84.15
173291242817993,438209,216.86,164.05
173292082794978,438207,220.23,166.6
173292215356482,438203,73.03,55.25
173295602896082,438209,319.11,241.4
173297651774650,438203,105.62,79.9
173305340924109,438207,194.39,147.05
173305909848712,438207,219.1,165.75
173313554226450,438207,267.42,202.3
173313879355386,438207,206.75,156.4
173317048977104,438205,91.01,68.85
173323338172014,438209,344.95,260.95
173324700898392,438207,184.27,139.4
173324864263656,438208,169.67,128.35
173326474915056,438205,104.5,79.05
173330788198194,438207,271.91,205.7
173331359541970,438207,246.07,186.15
173332955470238,438207,239.33,181.05
173339577980487,438203,110.11,83.3
173341540764123,438205,100,75.65
173341645618035,438203,115.73,87.55
173342378599831,438207,159.55,120.7
173342831434997,438209,391.02,295.8
173348457001678,438205,116.86,88.4
173348818008300,438207,208.99,158.1
173348902726328,438207,149.44,113.05
173348936025153,438205,146.07,110.5
173349425873983,438207,179.78,136
173349490930013,438203,111.24,84.15
173349855892146,438207,159.55,120.7
173351752375022,438205,146.07,110.5
173357672610263,438209,343.83,260.1
173366008242765,438205,144.95,109.65
173368738056442,438203,97.75,73.95
173369328427880,438207,184.27,139.4
173373707717610,438207,228.09,172.55
173374020188052,438207,202.25,153
173374208409953,438209,276.41,209.1
173374501494293,438207,238.21,180.2
173375886594900,438203,107.87,81.6
173375999445196,438203,77.53,58.65
173376261128284,438205,116.86,88.4
173378035485851,438207,220.23,166.6
173378199367359,438203,111.24,84.15
173382954399458,438207,204.5,154.7
173385859438238,438207,210.12,158.95
173392047309404,438207,200,151.3
173400802655467,438207,235.96,178.5
173401669778248,438207,235.96,178.5
173404506065244,438205,112.36,85
173409781929786,438209,360.68,272.85
173412139362024,438207,265.17,200.6
173416751685916,438209,340.46,257.55
173419090906089,438209,329.22,249.05
173427412668303,438207,173.04,130.9
173429511674295,438207,152.81,115.6
173434541293219,438207,195.51,147.9
173434825805395,438211,443.83,335.75
173435395119427,438207,151.69,114.75
173435599607269,438203,85.39,64.6
173436404284397,438207,179.78,136
173437828664045,438203,84.27,63.75
173443009046216,438207,246.07,186.15
173443431539001,438207,200,151.3
173443947125852,438205,98.88,74.8
173444029922005,438211,435.96,329.8
173446487771511,438205,119.1,90.1
173446615141319,438203,75.28,56.95
173447275735794,438207,168.54,127.5
173450964938006,438205,128.09,96.9
173451503064993,438207,291.02,220.15
173452748891258,438205,126.97,96.05
173452928855533,438207,241.58,182.75
173453384203491,438209,333.71,252.45
173454762954371,438205,111.24,84.15
173455116924844,438207,300.01,226.95
173457644827581,438203,83.15,62.9
173461927154580,438205,116.86,88.4
173463151314688,438207,148.32,112.2
173464193615255,438207,182.03,137.7
173464264969604,438207,182.03,137.7
173468714014671,438203,88.77,67.15
173469876717327,438207,249.44,188.7
173470207531678,438207,189.89,143.65
173471290024998,438203,119.1,90.1
173472973286734,438207,220.23,166.6
173476902021228,438207,169.67,128.35
173477647455811,438207,233.71,176.8
173478066657274,438207,237.08,179.35
173478143138940,438209,375.29,283.9
173478282008534,438209,320.23,242.25
173478472274584,438209,295.51,223.55
173478954515303,438207,182.03,137.7
173480901091642,438205,126.97,96.05
173481853855418,438203,121.35,91.8
173481947460577,438203,88.77,67.15
173488417731925,438203,96.63,73.1
173495805887605,438207,150.56,113.9
173496888958046,438207,196.63,148.75
173505994833623,438207,243.82,184.45
173507189376788,438207,178.65,135.15
173512952555024,438205,108.99,82.45
173513112095681,438209,306.75,232.05
173513214871040,438203,114.61,86.7
173522992354421,438209,235.96,178.5
173524466218136,438207,207.87,157.25
173525127794202,438209,329.22,249.05
173530086984334,438203,128.09,96.9
173530486998796,438207,174.16,131.75
173532213644689,438205,152.81,115.6
173532649949332,438207,201.13,152.15
173532854395514,438209,225.85,170.85
173533306559108,438209,330.34,249.9
173533475591473,438207,153.94,116.45
173533480910943,438209,300.01,226.95
173534382104259,438203,68.54,51.85
173538030793392,438209,302.25,228.65
173538139654105,438209,310.12,234.6
173538334038617,438207,195.51,147.9
173539787837027,438207,195.51,147.9
173546645896020,438203,65.17,49.3
173546871255649,438209,330.34,249.9
173547976860377,438207,170.79,129.2
173548009165813,438207,200,151.3
173548172056224,438208,188.77,142.8
173548539333302,438209,259.56,196.35
173549217829813,438207,210.12,158.95
173549646879488,438205,113.49,85.85
173549925839912,438209,297.76,225.25
173550389207759,438207,248.32,187.85
173550971325562,438203,62.92,47.6
173551545483915,438207,216.86,164.05
173212711420753,438205,97,82.45
173212970977192,438205,119,101.15
173213097628452,438203,89,75.65
173222240635301,438207,197,167.45
173222887319109,438207,210,178.5
173227280820300,438207,224.72,170
173229476916503,438209,312.21,249.05
173229703966548,438209,284.5,226.95
173230030408981,438207,238.69,190.4
173235481777786,438209,419.83,334.9
173235837971573,438205,94.83,75.65
173235839692389,438207,140.65,112.2
173237321419680,438203,100.16,79.9
173237331224450,438207,206.72,164.9
173239054207872,438209,300.49,239.7
173243412247941,438205,95.9,76.5
173244841347424,438207,245.08,195.5
173244997690659,438207,192.87,153.85
173245539762710,438207,229.1,182.75
173245638090414,438207,190.74,152.15
173248788743748,438207,215.24,171.7
173253532254666,438207,232.29,185.3
173253621880959,438209,254.67,203.15
173254426221256,438205,124.67,99.45
173255045375193,438209,272.78,217.6
173255551980527,438207,217.37,173.4
173255930102871,438207,156.64,124.95
173256108335724,438207,170.49,136
173256625386643,438205,99.1,79.05
173257184898911,438209,264.26,210.8
173260267280375,438207,191.8,153
173261795847830,438209,343.11,273.7
173261806974693,438207,216.31,172.55
173262004718570,438209,354.83,283.05
173262187680638,438211,469.91,374.85
173262315222868,438203,68.2,54.4
173262657374267,438207,157.7,125.8
173263412760165,438209,284.5,226.95
173265203127633,438207,144.92,115.6
173265697690964,438207,184.34,147.05
173270096009002,438209,325,259.25
173270381422504,438207,216.31,172.55
173270989173018,438203,84.18,67.15
173271474057300,438211,343.11,273.7
173272155968365,438205,99.1,79.05
173272242014706,438203,62.87,50.15
173272562675238,438207,208.85,166.6
173273417150113,438207,182.21,145.35
173279415195097,438211,321.35,243.1
173281338013461,438209,323.6,244.8
173281672912566,438209,295.51,223.55
173286329824670,438207,225.85,170.85
173287353981035,438209,223.6,169.15
173287966525417,438207,158.43,119.85
173288315921148,438207,179.78,136
173289308420311,438209,340.46,257.55
173289517024634,438203,111.24,84.15
173289767935189,438207,179.78,136
173290604891838,438207,228.09,172.55
173293977354123,438205,152.81,115.6
173297917131661,438207,210.12,158.95
173298322249531,438207,267.42,202.3
173299784190972,438207,151.69,114.75
173304997716895,438207,168.54,127.5
173305638204382,438207,194.39,147.05
173306189758769,438203,85.39,64.6
173308491380805,438209,300.01,226.95
173313542115452,438204,103.37,78.2
173314295480082,438209,280.9,212.5
173314346164613,438209,280.9,212.5
173314392641711,438211,442.7,334.9
173314992212978,438207,192.14,145.35
173315368109613,438211,473.04,357.85
173315947142420,438207,197.76,149.6
173316113671138,438207,166.3,125.8
173316819405530,438207,268.54,203.15
173317388753715,438207,220.23,166.6
173317748038822,438207,262.93,198.9
173318229039801,438205,112.36,85
173322638920582,438203,96.63,73.1
173322846700808,438203,105.62,79.9
173322976124364,438207,170.79,129.2
173323471945222,438207,200,151.3
173325913067552,438203,75.28,56.95
173326558760218,438205,104.5,79.05
173328503773643,438203,71.91,54.4
173331327880994,438207,280.9,212.5
173332177317582,438207,273.04,206.55
173332839650321,438207,273.04,206.55
173339905502456,438205,144.95,109.65
173347990409972,438207,185.4,140.25
173349895606026,438207,167.42,126.65
173350401013491,438207,225.85,170.85
173358940512491,438207,184.27,139.4
173364570470646,438207,233.71,176.8
173365950067523,438209,288.77,218.45
173373829455293,438207,244.95,185.3
173374402317293,438205,124.72,94.35
173375061101490,438205,124.72,94.35
173376333551235,438209,280.9,212.5
173383833285601,438209,353.94,267.75
173392015356100,438207,202.25,153
173392579031855,438209,415.74,314.5
173392629005091,438211,426.97,323
173394125042370,438205,105.62,79.9
173400586630235,438207,153.94,116.45
173401196156544,438211,419.11,317.05
173401257297859,438207,186.52,141.1
173402251989477,438207,201.13,152.15
173402808896785,438203,88.77,67.15
173402982213354,438207,229.22,173.4
173403915096207,438203,107.87,81.6
173404508901740,438205,151.69,114.75
173408496297608,438207,168.54,127.5
173409978816225,438207,200,151.3
173410702133188,438207,231.46,175.1
173410978009148,438207,201.13,152.15
173411910550215,438207,283.15,214.2
173417485883618,438207,235.96,178.5
173418341657119,438207,228.09,172.55
173418689525739,438207,231.46,175.1
173420691836410,438203,89.89,68
173425362466776,438207,283.15,214.2
173426638961751,438209,270.79,204.85
173427393931408,438205,103.37,78.2
173428748765435,438209,317.98,240.55
173436779801601,438205,87.64,66.3
173437439088887,438207,228.09,172.55
173441479911214,438205,153.94,116.45
173447348770170,438203,119.1,90.1
173447401798823,438203,120.23,90.95
173451455752805,438203,59.55,45.05
173451502302346,438203,65.17,49.3
173451573058113,438207,201.13,152.15
173452204508926,438207,246.07,186.15
173453758944623,438207,202.25,153
173454243604404,438207,183.15,138.55
173454269572936,438209,270.79,204.85
173461029759717,438207,244.95,185.3
173462508850296,438207,178.65,135.15
173462599622652,438209,259.56,196.35
173469329678359,438207,203.37,153.85
173470173284342,438207,300.01,226.95
173478202493527,438203,121.35,91.8
173479715870646,438209,380.91,288.15
173479809516820,438209,279.78,211.65
173486822443683,438205,126.97,96.05
173487828199643,438207,207.87,157.25
173488652094548,438207,288.77,218.45
173492187143501,438203,120.23,90.95
173496295812943,438207,178.65,135.15
173496712696464,438203,114.61,86.7
173497290680755,438207,219.1,165.75
173507552917460,438207,150.56,113.9
173513519860677,438207,201.13,152.15
173515070183383,438203,84.27,63.75
173515357636283,438209,302.25,228.65
173520753679096,438209,241.58,182.75
173521308600943,438207,217.98,164.9
173522220498446,438209,301.13,227.8
173522362881769,438207,279.78,211.65
173525443938646,438207,189.89,143.65
173530633015746,438207,220.23,166.6
173531182225518,438207,153.94,116.45
173531639082630,438209,332.59,251.6
173532142725998,438207,149.44,113.05
173533419384211,438209,225.85,170.85
173533603677989,438205,108.99,82.45
173533728535776,438203,62.92,47.6
173534119869505,438211,308.99,233.75
173537938365574,438203,75.28,56.95
173538350665802,438207,270.79,204.85
173538698237490,438205,96.63,73.1
173539238532279,438209,225.85,170.85
173539929908837,438205,108.99,82.45
173540106402182,438209,266.3,201.45
173547079997108,438207,200,151.3
173547703505267,438207,156.18,118.15
173547976060493,438207,189.89,143.65
173548320604381,438207,200,151.3
173548544199564,438209,259.56,196.35
173549921127910,438203,65.17,49.3
173550482229939,438207,255.06,192.95
173204824412898,438205,114,96.9
173208455631345,438207,219,186.15
173209632661708,438209,267,226.95
173212275203152,438203,99,84.15
173212648443006,438209,280,238
173212862281278,438205,124,105.4
173219891442059,438203,75,63.75
173221212210900,438207,199,169.15
173221654132088,438205,89,75.65
173227542886960,438207,224.72,170
173228579147843,438207,238.69,190.4
173228929706893,438207,228.03,181.9
173230709150678,438207,185.41,147.9
173236176741462,438207,206.72,164.9
173237002035306,438207,249.34,198.9
173237430685317,438209,333.52,266.05
173238548532116,438207,229.1,182.75
173238704863183,438207,229.1,182.75
173239406124630,438207,185.41,147.9
173244968321161,438209,269.59,215.05
173245589554229,438207,201.39,160.65
173245760970502,438211,418.77,334.05
173246138863592,438209,290.9,232.05
173246293770781,438209,280.24,223.55
173247008714130,438209,240.82,192.1
173247624129127,438207,208.85,166.6
173248302560666,438207,191.8,153
173249087209371,438207,149.18,119
173252719128624,438207,217.37,173.4
173254002641820,438211,380.4,303.45
173254018755629,438209,293.03,233.75
173254218110532,438211,319.67,255
173256408749646,438207,187.54,149.6
173256746931514,438205,99.1,79.05
173259103926478,438203,72.46,57.8
173262042020885,438205,103.36,82.45
173262989941312,438207,253.6,202.3
173263254098964,438207,184.34,147.05
173270448563527,438211,386.8,308.55
173270530175088,438207,192.87,153.85
173272425707048,438209,257.87,205.7
173272683621359,438209,273.85,218.45
173277816701867,438211,400.01,302.6
173278607935239,438209,294.39,222.7
173279428162074,438207,168.54,127.5
173279634930576,438207,198.88,150.45
173279820490848,438207,153.94,116.45
173280534777043,438205,100,75.65
173280637435109,438205,133.71,101.15
173281230206759,438207,195.51,147.9
173285814352557,438203,83.15,62.9
173287123539460,438205,108.99,82.45
173287569596294,438207,226.97,171.7
173287812635892,438207,158.43,119.85
173288865781562,438207,151.69,114.75
173289422623943,438203,89.89,68
173291443498163,438211,424.73,321.3
173291647014962,438209,253.94,192.1
173291969691847,438205,103.37,78.2
173296285559964,438209,341.58,258.4
173296854950268,438207,267.42,202.3
173297324674182,438207,222.48,168.3
173306344295013,438207,184.27,139.4
173308446660292,438203,80.9,61.2
173309080542023,438203,102.25,77.35
173313664013496,438207,239.33,181.05
173315248850208,438207,200,151.3
173317263720514,438209,358.43,271.15
173317577060736,438207,201.13,152.15
173317814414441,438203,98.88,74.8
173322008372953,438207,246.07,186.15
173322204386161,438207,168.54,127.5
173322901368732,438209,337.08,255
173323194591874,438203,88.77,67.15
173325142920993,438207,152.81,115.6
173325677356940,438205,101.13,76.5
173326050431342,438207,200,151.3
173330839977293,438209,298.88,226.1
173331060727448,438209,301.13,227.8
173331488208375,438207,225.85,170.85
173332874714125,438205,149.44,113.05
173333228201604,438205,124.72,94.35
173339877357844,438207,230.34,174.25
173348127365613,438203,62.92,47.6
173348823282984,438209,224.72,170
173349569572867,438203,84.27,63.75
173351317539911,438209,414.61,313.65
173352797515725,438205,106.74,80.75
173357871678344,438207,200,151.3
173358979958505,438207,220.23,166.6
173359731451597,438209,382.03,289
173360330720816,438203,78.65,59.5
173360984445005,438209,269.67,204
173364648109416,438209,217.98,164.9
173367192045101,438211,310.12,234.6
173368505795083,438205,116.86,88.4
173373928732714,438203,68.54,51.85
173374129915749,438203,76.41,57.8
173377071279447,438207,166.3,125.8
173383647871371,438209,302.25,228.65
173384577802108,438207,253.94,192.1
173385542130304,438207,276.41,209.1
173385725120639,438207,265.17,200.6
173385760833725,438205,113.49,85.85
173390923923468,438207,307.87,232.9
173392140364226,438205,106.74,80.75
173395138325224,438209,292.14,221
173400102204340,438207,213.49,161.5
173402691756565,438207,200,151.3
173410855873732,438207,240.45,181.9
173412426943839,438207,297.76,225.25
173416800168476,438207,253.94,192.1
173417486724293,438209,311.24,235.45
173417597594806,438208,262.93,198.9
173434084383092,438207,194.39,147.05
173435253981863,438207,155.06,117.3
173435973147694,438207,253.94,192.1
173436347680176,438209,298.88,226.1
173451889092059,438209,288.77,218.45
173455231425902,438203,125.84,95.2
173459554414473,438203,84.27,63.75
173462009150345,438203,128.09,96.9
173464423601026,438207,202.25,153
173464855501694,438207,173.04,130.9
173465956766747,438207,301.13,227.8
173468584414266,438203,89.89,68
173469930656354,438207,148.32,112.2
173470708770994,438207,186.52,141.1
173470890525409,438207,161.8,122.4
173470894132292,438205,149.44,113.05
173473339692038,438207,220.23,166.6
173485495765008,438203,97.75,73.95
173487895971523,438203,123.6,93.5
173488405478167,438207,208.99,158.1
173494488778583,438203,75.28,56.95
173494900507448,438207,294.39,222.7
173496749349490,438207,231.46,175.1
173496782619067,438209,295.51,223.55
173499651930596,438207,200,151.3
173504823424811,438207,217.98,164.9
173505817581916,438207,195.51,147.9
173513523842740,438207,152.81,115.6
173513985395934,438205,108.99,82.45
173521793947488,438207,168.54,127.5
173522816866915,438209,294.39,222.7
173523519222436,438209,416.86,315.35
173523564541451,438205,156.18,118.15
173523610278573,438211,306.75,232.05
173524176274153,438207,231.46,175.1
173525677677196,438203,65.17,49.3
173526427904504,438209,322.48,243.95
173528662277990,438207,217.98,164.9
173530168640182,438208,186.52,141.1
173530343666637,438203,84.27,63.75
173530383314509,438207,167.42,126.65
173530439422895,438207,248.32,187.85
173530976317803,438207,196.63,148.75
173531732928921,438207,150.56,113.9
173534741244978,438203,88.77,67.15
173537919137455,438207,189.89,143.65
173538090659343,438207,197.76,149.6
173539227352914,438203,91.01,68.85
173540249522822,438205,108.99,82.45
173540396320599,438209,219.1,165.75
173548184758433,438207,184.27,139.4
173548607975328,438207,212.36,160.65
173548661569368,438209,253.94,192.1
173549699754631,438207,173.04,130.9
173549966857636,438207,242.7,183.6
173550501977619,438203,88.77,67.15
173208457980563,438208,233,198.05
173228035403860,438212,441.14,351.9
173228412354821,438208,199.26,158.95
173228830455255,438212,355.9,283.9
173229251257561,438204,63.93,51
173229376603765,438208,179.01,142.8
173229962135889,438210,306.88,244.8
173230986130601,438210,229.1,182.75
173231466051386,438208,199.26,158.95
173236167912942,438210,288.77,230.35
173236305162763,438208,179.01,142.8
173236522893782,438208,153.44,122.4
173237479285727,438210,303.68,242.25
173238205631982,438212,355.9,283.9
173245095721509,438204,98.03,78.2
173247046283333,438208,273.85,218.45
173247568124826,438210,218.44,174.25
173248010449888,438208,199.26,158.95
173248093970447,438208,149.18,119
173248155805237,438206,106.56,85
173251756298291,438208,174.75,139.4
173253350119819,438210,294.09,234.6
173255347784157,438208,169.42,135.15
173261549433545,438204,61.8,49.3
173262108923015,438208,173.69,138.55
173262955967850,438210,262.13,209.1
173263368746994,438208,218.44,174.25
173264957158362,438210,301.55,240.55
173266649424045,438210,231.23,184.45
173272593636529,438208,169.42,135.15
173273200653865,438208,171.56,136.85
173273566747873,438204,72.46,57.8
173274161670514,438208,179.01,142.8
173274179180457,438208,198.19,158.1
173274266674576,438208,233.36,186.15
173275183439011,438212,287.7,229.5
173277217330756,438212,375.29,283.9
173279982784601,438208,186.52,141.1
173282259340276,438204,110.11,83.3
173283249790426,438208,156.18,118.15
173287137543178,438212,358.43,271.15
173288072229537,438208,139.33,105.4
173288086443152,438210,317.98,240.55
173288444570232,438210,242.7,183.6
173289232515818,438208,186.52,141.1
173290768648225,438204,86.52,65.45
173291226054356,438212,310.12,234.6
173308493249245,438208,183.15,138.55
173309125325362,438204,92.14,69.7
173313148326908,438208,230.34,174.25
173314447307699,438208,161.8,122.4
173315091557487,438208,182.03,137.7
173315508047700,438206,95.51,72.25
173316955068357,438208,208.99,158.1
173325544349668,438206,110.11,83.3
173326953633561,438204,96.63,73.1
173330352482644,438210,337.08,255
173334003614648,438212,500.01,378.25
173334914002599,438204,75.28,56.95
173340045078013,438210,280.9,212.5
173342006246587,438208,176.41,133.45
173349122246406,438206,117.98,89.25
173357492673927,438208,258.43,195.5
173358919464687,438204,92.14,69.7
173374496643248,438212,328.1,248.2
173374744645162,438204,61.8,46.75
173383068520451,438204,58.43,44.2
173386558376052,438210,279.78,211.65
173386759572666,438204,82.02,62.05
173391436750050,438208,187.64,141.95
173391710761128,438210,334.84,253.3
173391985387304,438208,231.46,175.1
173409323393539,438210,343.83,260.1
173418492124881,438206,143.82,108.8
173426126872367,438208,188.77,142.8
173427629735557,438208,248.32,187.85
173428854838329,438208,173.04,130.9
173429381074433,438208,282.03,213.35
173434060671509,438208,200,151.3
173435984157437,438208,202.25,153
173436667182286,438206,140.45,106.25
173437602825963,438208,243.82,184.45
173453092130153,438206,131.46,99.45
173453793659088,438210,313.49,237.15
173454409629331,438212,338.21,255.85
173455189452355,438208,206.75,156.4
173460526758425,438208,187.64,141.95
173469729008620,438208,206.75,156.4
173469875704575,438204,116.86,88.4
173470258882036,438204,80.9,61.2
173470312117959,438208,184.27,139.4
173471344992089,438210,268.54,203.15
173471629374889,438204,96.63,73.1
173478744346983,438204,84.27,63.75
173479212189153,438210,423.6,320.45
173491426734989,438208,278.66,210.8
173494595678053,438212,358.43,271.15
173495107090041,438208,288.77,218.45
173498790083663,438208,215.73,163.2
173503631611293,438210,279.78,211.65
173504440391042,438208,175.28,132.6
173522710162017,438210,324.72,245.65
173523852135717,438208,178.65,135.15
173529884279002,438208,196.63,148.75
173530244348429,438204,95.51,72.25
173532817433655,438204,85.39,64.6
173533795684114,438208,188.77,142.8
173538115058058,438210,246.07,186.15
173538579874768,438210,240.45,181.9
173539136411351,438204,91.01,68.85
173542801528067,438208,240.45,181.9
173543564651462,438208,198.88,150.45
173547208646368,438208,139.33,105.4
173547941816927,438206,110.11,83.3
173549307553908,438210,277.53,209.95
173204183677552,438210,249,211.65
173204782360580,438208,191,162.35
173205284300448,438208,183,155.55
173209589316291,438210,251,213.35
173221744341052,438208,268,227.8
173222213210654,438204,60,51
173222230905879,438206,105,89.25
173235510260042,438208,147.05,117.3
173235778992624,438206,90.57,72.25
173237373335927,438208,176.88,141.1
173242622957210,438204,71.39,56.95
173245533270349,438208,149.18,119
173246097766736,438208,177.95,141.95
173246990818417,438208,203.52,162.35
173249517052923,438206,90.57,72.25
173254519805502,438208,182.21,145.35
173256251275820,438208,256.8,204.85
173263754719420,438208,156.64,124.95
173264418519535,438208,196.06,156.4
173282888793374,438208,186.52,141.1
173283310871376,438208,235.96,178.5
173288384995923,438206,117.98,89.25
173290450675455,438204,79.78,60.35
173291645344696,438208,186.52,141.1
173295256192248,438204,75.28,56.95
173296761018584,438204,70.79,53.55
173297699395413,438206,106.74,80.75
173323369790574,438208,200,151.3
173340159127959,438210,301.13,227.8
173343809388582,438204,73.03,55.25
173350380997679,438208,178.65,135.15
173357927275810,438210,315.74,238.85
173375843187842,438208,166.3,125.8
173383436272091,438208,200,151.3
173412946403125,438204,113.49,85.85
173419822021274,438208,186.52,141.1
173438424424062,438208,292.14,221
173444729515292,438204,119.1,90.1
173453917699050,438208,201.13,152.15
173470544414640,438208,167.42,126.65
173471890768270,438208,188.77,142.8
173472656740574,438208,177.53,134.3
173478952865165,438208,170.79,129.2
173487446535915,438210,279.78,211.65
173495717644871,438206,143.82,108.8
173497311373980,438208,229.22,173.4
173520317725531,438210,310.12,234.6
173521569751695,438208,186.52,141.1
173522205472027,438208,162.92,123.25
173522712687170,438210,324.72,245.65
173522943885524,438208,186.52,141.1
173530271090585,438204,82.02,62.05
173538815518447,438208,179.78,136
173547600638234,438204,115.73,87.55
173202346363028,438208,158,134.3
173205159656809,438210,274,232.9
173209666639923,438206,98,83.3
173209679827528,438208,166,141.1
173219869042733,438204,83,70.55
173222599242982,438208,210,178.5
173229313803676,438208,200.33,159.8
173235119551747,438210,385.73,307.7
173239837267283,438210,393.19,313.65
173240338161887,438208,142.79,113.9
173244988119431,438208,149.18,119
173245011554878,438212,361.22,288.15
173245118278041,438208,230.16,183.6
173245226808897,438204,77.79,62.05
173245426908261,438208,203.52,162.35
173252373685546,438208,220.57,175.95
173253068561288,438208,161.97,129.2
173253164585773,438206,90.57,72.25
173253320908509,438208,181.15,144.5
173253947321940,438204,50.08,39.95
173254085892406,438204,75.65,60.35
173254271256467,438208,218.44,174.25
173261772590280,438208,230.16,183.6
173262403776136,438208,171.56,136.85
173263945266942,438208,149.18,119
173265131533452,438208,225.9,180.2
173265239287493,438204,66.06,52.7
173265571844718,438210,323.93,258.4
173270198380683,438210,266.39,212.5
173271890894869,438208,180.08,143.65
173272376413287,438210,309.01,246.5
173273011292294,438208,181.15,144.5
173274767242450,438208,197.13,157.25
173278922658734,438208,210.12,158.95
173279066773852,438208,233.71,176.8
173283002463034,438208,206.75,156.4
173286674732759,438208,189.89,143.65
173286957129741,438208,186.52,141.1
173287897288466,438206,103.37,78.2
173289561527114,438208,178.65,135.15
173289797959106,438212,443.83,335.75
173296856573261,438208,175.28,132.6
173297745020829,438208,223.6,169.15
173297789193520,438208,200,151.3
173298135299419,438208,216.86,164.05
173299303472322,438204,95.51,72.25
173300721418807,438208,183.15,138.55
173306118166786,438204,69.66,52.7
173306164614451,438208,191.01,144.5
173313244158658,438208,220.23,166.6
173313697717616,438206,95.51,72.25
173313812945402,438208,260.68,197.2
173316629174497,438204,97.75,73.95
173324049546964,438212,406.75,307.7
173325553260676,438208,152.81,115.6
173327007514770,438206,113.49,85.85
173330596052891,438206,114.61,86.7
173331429405173,438204,82.02,62.05
173331670536910,438208,238.21,180.2
173332221060183,438210,276.41,209.1
173334379610619,438208,220.23,166.6
173339987204250,438208,173.04,130.9
173348771942237,438208,198.88,150.45
173377220217929,438204,89.89,68
173382435747153,438208,207.87,157.25
173383804862579,438204,61.8,46.75
173392654283587,438208,192.14,145.35
173394919959357,438208,192.14,145.35
173399031845918,438204,110.11,83.3
173400427192388,438210,314.61,238
173401300346995,438212,371.92,281.35
173404920374108,438208,279.78,211.65
173406975848942,438212,377.53,285.6
173408461545807,438204,71.91,54.4
173408977994814,438210,295.51,223.55
173409827725674,438208,186.52,141.1
173409853179436,438208,231.46,175.1
173410022338510,438208,233.71,176.8
173410037541109,438208,230.34,174.25
173430536762331,438208,215.73,163.2
173436688372243,438210,264.05,199.75
173436877674719,438208,210.12,158.95
173437227461043,438204,116.86,88.4
173443540945329,438206,139.33,105.4
173453034966765,438206,88.77,67.15
173454356655057,438208,194.39,147.05
173454731521323,438208,270.79,204.85
173454958751102,438204,78.65,59.5
173462032830511,438208,170.79,129.2
173462837181128,438210,351.69,266.05
173468780266557,438206,143.82,108.8
173469219374228,438208,278.66,210.8
173469370503480,438208,197.76,149.6
173470158592844,438210,241.58,182.75
173471855467971,438208,183.15,138.55
173472692049772,438206,147.19,111.35
173477854453871,438208,143.82,108.8
173478117813694,438208,175.28,132.6
173479246037134,438208,228.09,172.55
173495650058103,438208,170.79,129.2
173496040838522,438210,277.53,209.95
173496684181544,438204,113.49,85.85
173498706094213,438208,215.73,163.2
173504213204742,438216,124.72,94.35
173529276327478,438208,240.45,181.9
173529886353449,438208,280.9,212.5
173530830898254,438204,60.68,45.9
173531229436712,438208,183.15,138.55
173537342471900,438204,82.02,62.05
173538384734637,438208,233.71,176.8
173538475187278,438208,186.52,141.1
173538596745673,438208,233.71,176.8
173538763866211,438210,324.72,245.65
173539197850930,438210,310.12,234.6
173540139462087,438210,310.12,234.6
173546793284218,438204,103.37,78.2
173547150254638,438204,78.65,59.5
173547863440206,438208,170.79,129.2
173548513466571,438208,264.05,199.75
173549560285027,438208,183.15,138.55
173551282852009,438212,442.7,334.9
173204773668709,438208,210,178.5
173208537629573,438208,189,160.65
173209653050708,438212,332,282.2
173211025802056,438206,117,99.45
173221883734782,438208,196,166.6
173227500250322,438210,256.18,193.8
173227522656194,438210,305.62,231.2
173231301887750,438208,198.19,158.1
173231343301192,438208,147.05,117.3
173235743992099,438208,165.16,131.75
173236007102920,438208,281.31,224.4
173236047101055,438210,228.03,181.9
173236403524121,438208,153.44,122.4
173236476520044,438208,203.52,162.35
173237528146636,438210,249.34,198.9
173237935271692,438210,300.49,239.7
173239889488888,438206,124.67,99.45
173240293454638,438208,216.31,172.55
173245529678063,438204,100.16,79.9
173245713477883,438208,191.8,153
173246866377955,438210,228.03,181.9
173247057070706,438208,142.79,113.9
173247365921694,438208,175.82,140.25
173247403242669,438208,191.8,153
173247551066851,438208,177.95,141.95
173251946739402,438208,169.42,135.15
173253327954755,438210,262.13,209.1
173256916502430,438204,88.44,70.55
173261451236440,438210,283.44,226.1
173262003698577,438210,271.72,216.75
173265287254229,438204,68.2,54.4
173268997439417,438210,252.54,201.45
173271015459054,438204,77.79,62.05
173271670270559,438210,277.05,221
173272066276441,438210,309.01,246.5
173277412748225,438212,375.29,283.9
173279052769332,438210,280.9,212.5
173279078903020,438210,312.36,236.3
173281223626677,438208,204.5,154.7
173282500870607,438210,289.89,219.3
173282625230904,438206,133.71,101.15
173286700958008,438206,131.46,99.45
173287175715985,438208,235.96,178.5
173287199762936,438208,160.68,121.55
173287549107001,438210,311.24,235.45
173287902535351,438208,149.44,113.05
173288101843813,438208,186.52,141.1
173289277695908,438208,186.52,141.1
173290198401096,438208,178.65,135.15
173291005092946,438210,275.29,208.25
173295384290056,438208,243.82,184.45
173296606700395,438208,213.49,161.5
173297532387193,438208,188.77,142.8
173298211697431,438208,222.48,168.3
173306771675300,438208,223.6,169.15
173314533960553,438208,228.09,172.55
173314932037514,438208,160.68,121.55
173315029003467,438208,185.4,140.25
173315629046625,438208,228.09,172.55
173318379206416,438208,186.52,141.1
173321151101681,438204,95.51,72.25
173322714011863,438212,268.54,203.15
173331234617621,438210,270.79,204.85
173332249524571,438208,248.32,187.85
173333373717379,438208,259.56,196.35
173333656132423,438204,112.36,85
173334447328105,438204,110.11,83.3
173339980473772,438208,229.22,173.4
173342186620584,438206,137.08,103.7
173342369966209,438208,243.82,184.45
173348950651356,438208,200,151.3
173355774532728,438206,95.51,72.25
173358231509207,438208,156.18,118.15
173361810162108,438208,247.2,187
173365527506249,438208,158.43,119.85
173374161394910,438210,352.82,266.9
173382899641168,438208,223.6,169.15
173383501894113,438210,276.41,209.1
173383869770739,438210,330.34,249.9
173386739674712,438210,335.96,254.15
173387325960806,438206,117.98,89.25
173393438201541,438208,180.9,136.85
173393587939764,438208,186.52,141.1
173399544163832,438210,285.4,215.9
173402041030621,438208,186.52,141.1
173403776213372,438208,230.34,174.25
173408751255468,438210,259.56,196.35
173426063707970,438204,83.15,62.9
173426480521270,438204,110.11,83.3
173429483105176,438210,293.26,221.85
173434387768969,438204,113.49,85.85
173437000670853,438208,215.73,163.2
173443883837324,438208,219.1,165.75
173446169127329,438206,144.95,109.65
173452527758429,438208,146.07,110.5
173452901629287,438208,197.76,149.6
173461570874164,438208,247.2,187
173462648033280,438208,204.5,154.7
173464468305235,438210,274.16,207.4
173464581181636,438206,86.52,65.45
173468003756976,438204,116.86,88.4
173469695290017,438204,113.49,85.85
173470284852240,438204,58.43,44.2
173470612494832,438206,141.58,107.1
173472380254744,438204,96.63,73.1
173478367925747,438208,162.92,123.25
173489759567690,438204,112.36,85
173498255967963,438208,225.85,170.85
173503433268364,438208,157.31,119
173503748189583,438208,201.13,152.15
173521442678112,438208,211.24,159.8
173530199576824,438204,67.42,51
173533916290008,438208,217.98,164.9
173534587362208,438210,282.03,213.35
173538149494512,438204,115.73,87.55
173538318190240,438208,184.27,139.4
173539067763919,438208,146.07,110.5
173540429658320,438204,80.9,61.2
173548738718413,438212,432.59,327.25
173549491035845,438208,178.65,135.15
173201490691272,438206,112,95.2
173201557246119,438208,127,107.95
173202012132209,438206,85,72.25
173204940316450,438210,259,220.15
173230355707831,438210,290.9,232.05
173230817269183,438210,306.88,244.8
173235798931197,438208,185.41,147.9
173238120207914,438208,160.9,128.35
173243630818767,438204,65,51.85
173246742711190,438210,228.03,181.9
173247221474088,438208,167.29,133.45
173253276851764,438208,184.34,147.05
173254159473675,438208,151.31,120.7
173256562916708,438204,98.03,78.2
173256587173239,438204,98.03,78.2
173258023240886,438208,223.77,178.5
173261330326975,438208,196.06,156.4
173263462994077,438210,283.44,226.1
173264125515313,438204,88.44,70.55
173265863822346,438204,77.79,62.05
173271758893126,438208,182.21,145.35
173271793134030,438208,205.65,164.05
173273568018738,438208,218.44,174.25
173274595151321,438208,164.1,130.9
173277955041720,438206,95.51,72.25
173279788082069,438208,159.55,120.7
173280517014178,438208,205.62,155.55
173280609591786,438208,159.55,120.7
173281011779570,438210,270.79,204.85
173281353036541,438210,296.63,224.4
173283675131927,438204,70.79,53.55
173287275456099,438206,131.46,99.45
173287586588135,438210,312.36,236.3
173287744860115,438208,270.79,204.85
173288563121043,438208,178.65,135.15
173289867032200,438208,216.86,164.05
173290878256864,438208,180.9,136.85
173292247703114,438206,110.11,83.3
173294652563911,438204,100,75.65
173295822409472,438210,249.44,188.7
173296621825980,438204,67.42,51
173298166110529,438208,204.5,154.7
173299912053456,438208,139.33,105.4
173306050430547,438204,75.28,56.95
173313503865992,438208,153.94,116.45
173314856129826,438210,307.87,232.9
173317176388773,438206,135.96,102.85
173323306644293,438208,189.89,143.65
173323789478745,438210,356.19,269.45
173332148087931,438208,212.36,160.65
173332788166041,438208,219.1,165.75
173349937127811,438212,403.38,305.15
173351363672085,438208,208.99,158.1
173356520248654,438210,350.57,265.2
173357285229681,438210,288.77,218.45
173358704493075,438210,291.02,220.15
173366915291895,438204,103.37,78.2
173377778618825,438204,67.42,51
173383054672666,438210,283.15,214.2
173383842132840,438204,58.43,44.2
173392189966562,438208,160.68,121.55
173392603874213,438208,192.14,145.35
173394637346450,438210,277.53,209.95
173403856273233,438210,282.03,213.35
173408569459754,438210,338.21,255.85
173419073844738,438210,262.93,198.9
173420710475574,438206,141.58,107.1
173427053160311,438208,221.35,167.45
173429367245094,438206,110.11,83.3
173434411571790,438210,298.88,226.1
173434449167378,438208,266.3,201.45
173435635375249,438208,229.22,173.4
173435963252169,438208,175.28,132.6
173436318692797,438210,211.24,159.8
173444244489088,438210,295.51,223.55
173445096016770,438208,178.65,135.15
173445179998567,438208,278.66,210.8
173445193206996,438208,215.73,163.2
173446366771971,438208,186.52,141.1
173446446853647,438208,229.22,173.4
173446482605943,438204,82.02,62.05
173447294014415,438208,231.46,175.1
173452723574278,438208,238.21,180.2
173453734371296,438208,173.04,130.9
173455343061602,438210,282.03,213.35
173459613250575,438208,274.16,207.4
173460160389532,438208,171.91,130.05
173460360574655,438210,289.89,219.3
173460519638620,438208,206.75,156.4
173462175797931,438208,183.15,138.55
173463906751765,438206,140.45,106.25
173468805818918,438204,55.06,41.65
173468829531104,438204,60.68,45.9
173477944441642,438208,216.86,164.05
173478033918176,438204,78.65,59.5
173480971622719,438206,144.95,109.65
173485384026758,438204,82.02,62.05
173486998803717,438204,78.65,59.5
173495404102827,438210,268.54,203.15
173497292714914,438208,207.87,157.25
173497845929801,438206,143.82,108.8
173499976029048,438204,82.02,62.05
173506097008091,438208,187.64,141.95
173521337212239,438206,141.58,107.1
173522147229638,438210,344.95,260.95
173522706257679,438206,95.51,72.25
173523762897392,438208,187.64,141.95
173525251435582,438210,380.91,288.15
173529120668120,438206,110.11,83.3
173529596774910,438208,293.26,221.85
173529692291554,438204,119.1,90.1
173532444591852,438208,196.63,148.75
173532543473970,438206,88.77,67.15
173532979480003,438212,373.04,282.2
173533719821850,438206,143.82,108.8
173534349859193,438204,82.02,62.05
173537991318839,438208,178.65,135.15
173538047393072,438210,277.53,209.95
173538240087333,438208,186.52,141.1
173538550149892,438208,234.84,177.65
173538678766638,438208,188.77,142.8
173538902132135,438210,306.75,232.05
173539223843456,438212,328.1,248.2
173541057580924,438204,67.42,51
173541302119943,438210,295.51,223.55
173541734712081,438208,183.15,138.55
173542242523859,438208,234.84,177.65
173542291726808,438208,240.45,181.9
173546331181859,438210,295.51,223.55
173547480539643,438204,115.73,87.55
173549032625570,438208,225.85,170.85
173551500970228,438208,158.43,119.85
173204308387412,438210,264,224.4
173204833961927,438212,349,296.65
173229569705292,438204,74.59,59.5
173229576807099,438208,197.13,157.25
173231391735175,438210,266.39,212.5
173235737627178,438210,271.72,216.75
173247894430607,438210,290.9,232.05
173248798866936,438210,236.55,188.7
173254934643977,438208,160.9,128.35
173254994412621,438206,104.42,83.3
173255994612531,438204,69.26,55.25
173256285736814,438208,238.69,190.4
173257058219277,438210,327.13,260.95
173263412582581,438206,117.21,93.5
173263966355450,438208,151.31,120.7
173264101197422,438208,283.44,226.1
173270659414427,438208,179.01,142.8
173270976092831,438204,77.79,62.05
173271502414286,438210,260,207.4
173273498784395,438206,119.34,95.2
173274859254383,438208,171.56,136.85
173277322823515,438212,375.29,283.9
173277793522140,438208,176.88,141.1
173279526636425,438210,279.78,211.65
173281224596342,438204,112.36,85
173287255865802,438210,311.24,235.45
173287768841711,438210,319.11,241.4
173287991429908,438208,173.04,130.9
173288369800086,438208,149.44,113.05
173292082794978,438208,207.87,157.25
173292215356482,438204,67.42,51
173295602896082,438210,298.88,226.1
173313554226450,438208,251.69,190.4
173323338172014,438210,325.85,246.5
173324700898392,438208,173.04,130.9
173326474915056,438206,98.88,74.8
173330788198194,438208,256.18,193.8
173331359541970,438208,232.59,175.95
173339577980487,438204,102.25,77.35
173341540764123,438206,95.51,72.25
173341645618035,438204,107.87,81.6
173342378599831,438208,150.56,113.9
173348457001678,438206,110.11,83.3
173348818008300,438208,197.76,149.6
173348902726328,438208,140.45,106.25
173349490930013,438204,103.37,78.2
173357672610263,438210,323.6,244.8
173366008242765,438206,137.08,103.7
173368738056442,438204,91.01,68.85
173369328427880,438208,174.16,131.75
173374208409953,438210,259.56,196.35
173374501494293,438208,224.72,170
173375999445196,438204,71.91,54.4
173378035485851,438208,208.99,158.1
173378199367359,438204,103.37,78.2
173382954399458,438208,193.26,146.2
173385859438238,438208,196.63,148.75
173392047309404,438208,187.64,141.95
173400802655467,438208,221.35,167.45
173404506065244,438206,106.74,80.75
173409781929786,438210,340.46,257.55
173416751685916,438210,319.11,241.4
173419090906089,438210,307.87,232.9
173427412668303,438208,162.92,123.25
173429511674295,438208,143.82,108.8
173434541293219,438208,183.15,138.55
173435395119427,438208,142.7,107.95
173436404284397,438208,168.54,127.5
173443009046216,438208,231.46,175.1
173443431539001,438208,186.52,141.1
173444029922005,438212,410.12,310.25
173446487771511,438206,112.36,85
173447275735794,438208,158.43,119.85
173450964938006,438206,121.35,91.8
173451503064993,438208,274.16,207.4
173452928855533,438208,228.09,172.55
173453384203491,438210,313.49,237.15
173454762954371,438206,105.62,79.9
173457644827581,438204,77.53,58.65
173463151314688,438208,139.33,105.4
173464193615255,438208,170.79,129.2
173471290024998,438204,111.24,84.15
173472973286734,438208,206.75,156.4
173477647455811,438208,220.23,166.6
173478066657274,438208,223.6,169.15
173478143138940,438210,351.69,266.05
173478282008534,438210,300.01,226.95
173478472274584,438210,276.41,209.1
173478954515303,438208,170.79,129.2
173480901091642,438206,120.23,90.95
173481853855418,438204,113.49,85.85
173481947460577,438204,82.02,62.05
173505994833623,438208,230.34,174.25
173507189376788,438208,167.42,126.65
173512952555024,438206,103.37,78.2
173522992354421,438210,221.35,167.45
173524466218136,438208,196.63,148.75
173530086984334,438204,119.1,90.1
173532854395514,438210,212.36,160.65
173533475591473,438208,144.95,109.65
173533480910943,438210,279.78,211.65
173534382104259,438204,64.05,48.45
173538030793392,438210,285.4,215.9
173538139654105,438210,293.26,221.85
173539787837027,438208,183.15,138.55
173546645896020,438204,60.68,45.9
173547976860377,438208,160.68,121.55
173548009165813,438208,186.52,141.1
173548539333302,438210,244.95,185.3
173549925839912,438210,278.66,210.8
173550389207759,438208,234.84,177.65
173551545483915,438208,204.5,154.7
173212711420753,438206,92,78.2
173222240635301,438208,185,157.25
173222887319109,438208,198,168.3
173227280820300,438208,211.24,159.8
173229476916503,438210,293.03,233.75
173229703966548,438210,265.32,211.65
173230030408981,438208,223.77,178.5
173235481777786,438210,393.19,313.65
173235837971573,438206,90.57,72.25
173235839692389,438208,132.13,105.4
173237321419680,438204,92.7,73.95
173237331224450,438208,193.93,154.7
173239054207872,438210,283.44,226.1
173243412247941,438206,90.57,72.25
173244997690659,438208,180.08,143.65
173245539762710,438208,216.31,172.55
173248788743748,438208,202.46,161.5
173253532254666,438208,219.51,175.1
173254426221256,438206,118.28,94.35
173255045375193,438210,257.87,205.7
173260267280375,438208,179.01,142.8
173261795847830,438210,323.93,258.4
173262004718570,438210,335.65,267.75
173262315222868,438204,63.93,51
173262657374267,438208,148.11,118.15
173263412760165,438210,265.32,211.65
173265697690964,438208,172.62,137.7
173270096009002,438210,304.75,243.1
173270381422504,438208,203.52,162.35
173270989173018,438204,77.79,62.05
173272562675238,438208,196.06,156.4
173273417150113,438208,171.56,136.85
173281672912566,438210,276.41,209.1
173286329824670,438208,212.36,160.65
173287353981035,438210,210.12,158.95
173287966525417,438208,149.44,113.05
173289308420311,438210,320.23,242.25
173289517024634,438204,103.37,78.2
173290604891838,438208,214.61,162.35
173297917131661,438208,198.88,150.45
173298322249531,438208,251.69,190.4
173299784190972,438208,142.7,107.95
173305638204382,438208,183.15,138.55
173306189758769,438204,79.78,60.35
173308491380805,438210,279.78,211.65
173314992212978,438208,180.9,136.85
173315368109613,438212,446.08,337.45
173315947142420,438208,185.4,140.25
173316113671138,438208,156.18,118.15
173316819405530,438208,252.81,191.25
173317748038822,438208,247.2,187
173322638920582,438204,89.89,68
173323471945222,438208,188.77,142.8
173332177317582,438208,257.31,194.65
173332839650321,438208,257.31,194.65
173339905502456,438206,137.08,103.7
173347990409972,438208,174.16,131.75
173350401013491,438208,212.36,160.65
173358940512491,438208,173.04,130.9
173364570470646,438208,220.23,166.6
173365950067523,438210,271.91,205.7
173373829455293,438208,231.46,175.1
173374402317293,438206,117.98,89.25
173375061101490,438206,117.98,89.25
173376333551235,438210,264.05,199.75
173392579031855,438210,391.02,295.8
173392629005091,438212,400.01,302.6
173400586630235,438208,144.95,109.65
173401196156544,438212,394.39,298.35
173401257297859,438208,175.28,132.6
173402251989477,438208,188.77,142.8
173402808896785,438204,82.02,62.05
173404508901740,438206,142.7,107.95
173408496297608,438208,159.55,120.7
173409978816225,438208,186.52,141.1
173410702133188,438208,217.98,164.9
173411910550215,438208,266.3,201.45
173417485883618,438208,222.48,168.3
173418341657119,438208,214.61,162.35
173418689525739,438208,219.1,165.75
173420691836410,438204,83.15,62.9
173425362466776,438208,266.3,201.45
173428748765435,438210,298.88,226.1
173437439088887,438208,214.61,162.35
173447348770170,438204,111.24,84.15
173451573058113,438208,189.89,143.65
173453758944623,438208,188.77,142.8
173454243604404,438208,171.91,130.05
173461029759717,438208,231.46,175.1
173462508850296,438208,168.54,127.5
173462599622652,438210,244.95,185.3
173469329678359,438208,191.01,144.5
173470173284342,438208,283.15,214.2
173478202493527,438204,113.49,85.85
173479715870646,438210,357.31,270.3
173479809516820,438210,261.8,198.05
173487828199643,438208,195.51,147.9
173488652094548,438208,271.91,205.7
173492187143501,438204,112.36,85
173496295812943,438208,167.42,126.65
173496712696464,438204,106.74,80.75
173497290680755,438208,207.87,157.25
173507552917460,438208,141.58,107.1
173513519860677,438208,187.64,141.95
173515357636283,438210,282.03,213.35
173520753679096,438210,228.09,172.55
173521308600943,438208,204.5,154.7
173530633015746,438208,206.75,156.4
173532142725998,438208,140.45,106.25
173533419384211,438210,212.36,160.65
173533728535776,438204,58.43,44.2
173537938365574,438204,69.66,52.7
173538350665802,438208,253.94,192.1
173539929908837,438206,103.37,78.2
173540106402182,438210,250.57,189.55
173547079997108,438208,186.52,141.1
173548320604381,438208,186.52,141.1
173548544199564,438210,246.07,186.15
173549921127910,438204,60.68,45.9
173550482229939,438208,240.45,181.9
173208455631345,438208,205,174.25
173209632661708,438210,249,211.65
173212275203152,438204,92,78.2
173212648443006,438210,262,222.7
173219891442059,438204,70,59.5
173221212210900,438208,187,158.95
173227542886960,438208,211.24,159.8
173228929706893,438208,213.11,170
173230709150678,438208,173.69,138.55
173236176741462,438208,193.93,154.7
173237002035306,438208,234.42,187
173238548532116,438208,216.31,172.55
173238704863183,438208,216.31,172.55
173239406124630,438208,173.69,138.55
173244968321161,438210,253.6,202.3
173245589554229,438208,190.74,152.15
173245760970502,438212,393.19,313.65
173246293770781,438210,262.13,209.1
173247624129127,438208,197.13,157.25
173252719128624,438208,203.52,162.35
173254002641820,438212,355.9,283.9
173254018755629,438210,273.85,218.45
173254218110532,438212,301.55,240.55
173263254098964,438208,173.69,138.55
173270448563527,438212,364.42,290.7
173270530175088,438208,180.08,143.65
173272683621359,438210,257.87,205.7
173277816701867,438212,375.29,283.9
173279634930576,438208,186.52,141.1
173280534777043,438206,95.51,72.25
173281230206759,438208,183.15,138.55
173285814352557,438204,77.53,58.65
173287123539460,438206,103.37,78.2
173287569596294,438208,213.49,161.5
173287812635892,438208,149.44,113.05
173289422623943,438204,83.15,62.9
173291443498163,438212,397.76,300.9
173296285559964,438210,321.35,243.1
173296854950268,438208,251.69,190.4
173297324674182,438208,210.12,158.95
173306344295013,438208,173.04,130.9
173308446660292,438204,75.28,56.95
173313664013496,438208,225.85,170.85
173317577060736,438208,187.64,141.95
173317814414441,438204,92.14,69.7
173322008372953,438208,232.59,175.95
173322204386161,438208,158.43,119.85
173322901368732,438210,316.86,239.7
173323194591874,438204,82.02,62.05
173330839977293,438210,283.15,214.2
173331488208375,438208,212.36,160.65
173332874714125,438206,140.45,106.25
173348127365613,438204,58.43,44.2
173348823282984,438210,211.24,159.8
173351317539911,438210,389.89,294.95
173352797515725,438206,101.13,76.5
173357871678344,438208,187.64,141.95
173360330720816,438204,73.03,55.25
173360984445005,438210,251.69,190.4
173364648109416,438210,204.5,154.7
173374129915749,438204,70.79,53.55
173377071279447,438208,156.18,118.15
173383647871371,438210,283.15,214.2
173390923923468,438208,289.89,219.3
173395138325224,438210,274.16,207.4
173400102204340,438208,200,151.3
173410855873732,438208,226.97,171.7
173416800168476,438208,238.21,180.2
173417486724293,438210,291.02,220.15
173434084383092,438208,183.15,138.55
173435253981863,438208,146.07,110.5
173436347680176,438210,279.78,211.65
173451889092059,438210,270.79,204.85
173464423601026,438208,188.77,142.8
173465956766747,438208,284.27,215.05
173468584414266,438204,83.15,62.9
173469930656354,438208,139.33,105.4
173470890525409,438208,152.81,115.6
173473339692038,438208,206.75,156.4
173494900507448,438208,278.66,210.8
173496782619067,438210,277.53,209.95
173499651930596,438208,186.52,141.1
173504823424811,438208,204.5,154.7
173505817581916,438208,183.15,138.55
173513985395934,438206,103.37,78.2
173521793947488,438208,158.43,119.85
173526427904504,438210,302.25,228.65
173528662277990,438208,204.5,154.7
173530383314509,438208,158.43,119.85
173530439422895,438208,234.84,177.65
173531732928921,438208,141.58,107.1
173538090659343,438208,186.52,141.1
173540396320599,438210,205.62,155.55
173549966857636,438208,229.22,173.4
173550501977619,438204,82.02,62.05
