vt_group_no,transaction_id,hotel_id,ticketId,selected_date,version,admin_currency_code,quantity,saleprice,purchaseprice,commission,hgscommission,merchantcommission,salepriceDiscount,purchasepriceDiscount,commissionDiscount,hgscommissionDiscount,merchantcommissionDiscount
166479565998130	166479565998130001R	13362	47313	2023-11-05	1	GBP	4	656.96	514.60	91.96	50.40	0.00	186.52	0.00	27.98	158.54	0.00
166550016510238	166550016510238001R	13345	47313	2023-11-06	1	GBP	4	656.96	514.60	91.96	50.40	0.00	186.52	0.00	27.98	158.54	0.00
166566300362270	166566300362270001R	13345	47313	2023-11-06	1	GBP	4	656.96	514.60	91.96	50.40	0.00	186.52	0.00	27.98	158.54	0.00
166617955254508	166617955254508001R	13472	47313	2023-11-06	1	GBP	4	656.96	514.60	91.96	50.40	0.00	186.52	0.00	27.98	158.54	0.00
166619082215900	166619082215900001R	13472	47313	2023-11-06	1	GBP	4	470.44	354.18	65.86	50.40	0.00	186.52	0.00	27.98	158.54	0.00
166620653865328	166620653865328001R	13036	47313	2023-11-06	1	GBP	4	758.88	595.20	106.24	57.44	0.00	187.56	0.00	28.14	159.42	0.00
166644459075656	166644459075656005R	12990	47313	2023-11-08	3	GBP	2	290.44	190.60	43.56	56.28	0.00	187.56	0.00	28.14	159.42	0.00
166704761600113	166704761600113001R	13036	47313	2023-11-06	1	GBP	4	758.88	595.20	106.24	57.44	0.00	187.56	0.00	28.14	159.42	0.00
166912074343530	166912074343530005R	45642	47313	2023-11-09	3.2	GBP	2	478.00	350.02	71.70	56.28	0.00	178.00	0.00	26.70	151.30	0.00
166963607741426	166963607741426005R	13502	47313	2023-11-08	3.2	GBP	2	290.44	190.60	43.56	56.28	0.00	187.56	0.00	28.14	159.42	0.00
166997241092017	166997241092017009R	13036	47313	2023-11-05	6.1	GBP	2	478.00	350.02	71.70	56.28	0.00	237.56	0.00	35.64	201.92	0.00
167146123356834	167146123356834001R	12990	47313	2023-11-07	1	GBP	2	379.44	175.01	35.85	42.50	0.00	93.78	0.00	14.07	79.71	0.00
167292236831839	167292236831839005R	13011	47313	2023-11-08	3.2	GBP	2	478.00	350.02	71.70	56.28	0.00	187.56	0.00	28.14	159.42	0.00
167293145769774	167293145769774005R	13036	47313	2023-11-07	3.2	GBP	2	478.00	350.02	71.70	56.28	0.00	187.56	0.00	28.14	159.42	0.00
167302555316841	167302555316841013R	13487	47313	2023-11-08	3	GBP	6	1434.00	1050.06	215.10	168.84	0.00	562.68	0.00	84.42	478.26	0.00
167302555488673	167302555488673011R	13487	47313	2023-11-08	3	GBP	5	1195.00	875.05	179.25	140.70	0.00	468.90	0.00	70.35	398.55	0.00
167344283540715	167344283540715005R	13246	47313	2023-11-07	3.2	GBP	2	478.00	350.02	71.70	56.28	0.00	187.56	0.00	28.14	159.42	0.00
167413390223916	167413390223916009R	13511	47313	2023-11-07	3.3	GBP	4	956.00	700.04	143.40	112.56	0.00	375.12	0.00	56.28	318.84	0.00
167449004944596	167449004944596013R	13271	47313	2023-11-05	3.2	GBP	6	1405.32	1108.38	210.78	86.16	0.00	562.68	0.00	84.42	478.26	0.00
167490748530968	167490748530968011R	12381	47313	2023-11-07	3.2	GBP	5	1195.00	935.35	167.30	92.35	0.00	445.00	0.00	62.30	382.70	0.00
167527513251518	167527513251518005R	13036	47313	2023-11-06	3.4	GBP	2	468.44	369.46	70.26	28.72	0.00	187.56	0.00	28.14	159.42	0.00
167567951828223	167567951828223005R	13051	47313	2023-11-06	3.1	GBP	2	468.44	369.46	70.26	28.72	0.00	187.56	0.00	28.14	159.42	0.00
167577969680613	167577969680613005R	13021	47313	2023-11-06	3.1	GBP	2	468.44	369.46	70.26	28.72	0.00	187.56	0.00	28.14	159.42	0.00
167655740208327	167655740208327009R	13067	47313	2023-11-07	3.2	GBP	4	956.00	700.04	143.40	112.56	0.00	375.12	0.00	56.28	318.84	0.00
167715003238471	167715003238471005R	13294	47313	2023-11-05	3.4	GBP	2	468.44	369.46	70.26	28.72	0.00	187.56	0.00	28.14	159.42	0.00
167786474913789	167786474913789005R	13580	47313	2023-11-07	3.2	GBP	2	478.00	350.02	71.70	56.28	0.00	187.56	0.00	28.14	159.42	0.00
167872415223916	167872415223916005R	13244	47313	2023-11-05	3.4	GBP	2	468.44	374.14	70.26	24.04	0.00	187.56	0.00	28.14	159.42	0.00
167958290660202	167958290660202005R	13724	47313	2023-11-05	3.3	GBP	2	469.32	367.80	70.40	31.12	0.00	178.88	0.00	26.84	152.04	0.00
167965783246965	167965783246965005R	13578	47313	2023-11-05	3.4	GBP	2	468.44	374.14	70.26	24.04	0.00	187.56	0.00	28.14	159.42	0.00
168155910306779	168155910306779005R	13487	47313	2023-11-08	3	GBP	2	281.94	190.74	42.30	48.90	0.00	187.38	0.00	28.10	159.28	0.00
166316874563381	166316874563381005R	13345	47313	2023-11-09	3	GBP	2	426.00	362.10	63.90	0.00	0.00	186.52	0.00	27.98	158.54	0.00
166576363134541	166576363134541005R	13032	47313	2023-11-12	3	GBP	2	426.00	362.10	63.90	0.00	0.00	186.52	0.00	27.98	158.54	0.00
166643955590058	166643955590058005R	14134	47313	2023-11-13	3	GBP	2	478.00	350.02	71.70	56.28	0.00	249.70	0.00	37.46	212.24	0.00
166645389055179	166645389055179005R	12633	47313	2023-11-12	3	GBP	2	478.00	350.02	66.92	61.06	0.00	178.00	0.00	24.92	153.08	0.00
166678651973334	166678651973334005R	12589	47313	2023-11-12	3	GBP	2	478.00	350.02	66.92	61.06	0.00	178.00	0.00	24.92	153.08	0.00
166679609974884	166679609974884009R	13036	47313	2023-11-09	3	GBP	4	956.00	700.04	143.40	112.56	0.00	375.12	0.00	56.28	318.84	0.00
166799204791768	166799204791768005R	12589	47313	2023-11-13	3	GBP	2	478.00	350.02	66.92	61.06	0.00	178.00	0.00	24.92	153.08	0.00
167006721938960	167006721938960007R	13625	47313	2023-11-09	3	GBP	4	956.00	700.04	143.40	112.56	0.00	731.12	302.60	109.68	318.84	0.00
167034286513605	167034286513605005R	13036	47313	2023-11-13	3	GBP	2	478.00	350.02	71.70	56.28	0.00	187.56	0.00	28.14	159.42	0.00
167146096075899	167146096075899007R	13135	47313	2023-11-10	3	GBP	4	956.00	700.04	143.40	112.56	0.00	731.12	302.60	109.68	318.84	0.00
167248379789924	167248379789924005R	12491	47313	2023-11-09	3	GBP	2	478.00	350.02	66.92	61.06	0.00	178.00	0.00	24.92	153.08	0.00
167249381557393	167249381557393005R	13135	47313	2023-11-11	3.1	GBP	2	478.00	350.02	71.70	56.28	0.00	187.56	0.00	28.14	159.42	0.00
167293462942512	167293462942512005R	13724	47313	2023-11-13	3	GBP	2	478.00	350.02	71.70	56.28	0.00	178.00	0.00	26.70	151.30	0.00
167295329516786	167295329516786005R	13724	47313	2023-11-13	3	GBP	2	478.00	350.02	71.70	56.28	0.00	178.00	0.00	26.70	151.30	0.00
167295572939996	167295572939996005R	13724	47313	2023-11-13	3	GBP	2	478.00	350.02	71.70	56.28	0.00	178.00	0.00	26.70	151.30	0.00
167299665893647	167299665893647005R	37204	47313	2023-11-10	3	GBP	2	478.00	350.02	62.14	65.84	0.00	187.56	0.00	24.38	163.18	0.00
167301527498253	167301527498253009R	13724	47313	2023-11-14	3	GBP	4	956.00	700.04	143.40	112.56	0.00	356.00	0.00	53.40	302.60	0.00
167309655816834	167309655816834005R	13863	47313	2023-11-09	3	GBP	2	478.00	350.02	66.92	61.06	0.00	178.00	0.00	24.92	153.08	0.00
167327240780224	167327240780224005R	12400	47313	2023-11-12	3	GBP	2	478.00	350.02	66.92	61.06	0.00	178.00	0.00	24.92	153.08	0.00
167347447192632	167347447192632005R	13956	47313	2023-11-12	3	GBP	2	478.00	350.02	62.14	65.84	0.00	187.56	0.00	24.38	163.18	0.00
167379455600744	167379455600744005R	12381	47313	2023-11-11	3	GBP	2	478.00	350.02	66.92	61.06	0.00	178.00	0.00	24.92	153.08	0.00
167398638119788	167398638119788005R	13724	47313	2023-11-13	3	GBP	2	478.00	350.02	71.70	56.28	0.00	178.00	0.00	26.70	151.30	0.00
167456345020372	167456345020372005R	12633	47313	2023-11-11	3	GBP	2	478.00	350.02	66.92	61.06	0.00	178.00	0.00	24.92	153.08	0.00
167612965844065	167612965844065001R	13350	47313	2023-11-16	1.2	GBP	2	290.44	280.46	70.26	28.72	0.00	0.00	0.00	0.00	0.00	0.00
168009078430644	168009078430644005R	12428	47313	2023-11-11	3	GBP	2	469.32	350.02	65.70	53.60	0.00	178.00	0.00	24.92	153.08	0.00
168026489981932	168026489981932007R	13035	47313	2023-11-09	3	GBP	3	717.00	525.03	107.55	84.42	0.00	281.34	0.00	42.21	239.13	0.00
168138422771406	168138422771406005R	13607	47313	2023-11-11	3.1	GBP	2	469.32	350.02	70.40	48.90	0.00	178.88	0.00	26.84	152.04	0.00
168243620003907	168243620003907009R	13035	47313	2023-11-09	3	GBP	4	938.64	700.04	140.80	97.80	0.00	374.76	0.00	56.20	318.56	0.00
169720811849528	169720811849528005R	14134	47313	2023-11-11	3.2	GBP	2	469.32	364.10	70.40	34.82	0.00	218.00	0.00	39.24	178.76	0.00
169926292152508	169926292152508005R	7121	47313	2023-11-10	3.1	GBP	2	469.32	350.02	0.00	119.30	0.00	178.00	0.00	0.00	178.00	0.00
166669033915968	166669033915968005R	13204	47313	2023-11-23	3.1	GBP	2	300.00	255.00	45.00	0.00	0.00	237.56	151.30	35.64	50.62	0.00
167032245371098	167032245371098001R	12633	47313	2023-11-21	1	GBP	4	600.00	748.28	84.00	73.88	0.00	0.00	0.00	0.00	0.00	0.00
167286348666630	167286348666630001R	13036	47313	2023-11-25	1.1	GBP	2	112.44	191.46	70.26	28.72	0.00	0.00	0.00	0.00	0.00	0.00
167286348666630	167286348666630003R	13036	47313	2023-11-25	1.1	GBP	1	56.84	45.12	8.53	3.19	0.00	0.00	0.00	0.00	0.00	0.00
167292709802306	167292709802306005R	13036	47313	2023-11-25	3.1	GBP	2	300.00	255.00	45.00	0.00	0.00	9.56	-42.50	1.44	50.62	0.00
167300850784911	167300850784911005R	36052	47313	2023-11-20	3.1	GBP	2	300.00	255.00	45.00	0.00	0.00	237.56	151.30	35.64	50.62	0.00
167301685729799	167301685729799005R	14134	47313	2023-11-25	3.2	GBP	2	356.30	302.86	53.44	0.00	0.00	56.30	0.00	8.44	47.86	0.00
167327903760874	167327903760874005R	13501	47313	2023-11-25	3.1	GBP	2	300.00	255.00	45.00	0.00	0.00	59.56	0.00	9.52	50.04	0.00
167343279342022	167343279342022009R	13036	47313	2023-11-27	5.2	GBP	2	300.00	255.00	45.00	0.00	0.00	59.56	0.00	8.94	50.62	0.00
167344545327723	167344545327723001R	12498	47313	2023-11-21	1	GBP	3	450.00	561.21	63.00	55.41	0.00	0.00	0.00	0.00	0.00	0.00
167344709177764	167344709177764009R	13650	47313	2023-11-25	5.3	GBP	2	300.00	255.00	45.00	0.00	0.00	60.00	0.00	9.60	50.40	0.00
167386708787543	167386708787543001R	12853	47313	2023-11-20	1	GBP	3	435.66	561.21	56.64	50.10	0.00	0.00	0.00	0.00	0.00	0.00
167406052086174	167406052086174001R	12498	47313	2023-11-21	1	GBP	3	450.00	561.21	63.00	55.41	0.00	0.00	0.00	0.00	0.00	0.00
167465893687046	167465893687046009R	13036	47313	2023-11-27	5.5	GBP	2	300.00	255.00	45.00	0.00	0.00	59.56	0.00	8.94	50.62	0.00
167472842667088	167472842667088005R	13036	47313	2023-11-25	3.2	GBP	2	300.00	255.00	45.00	0.00	0.00	237.56	151.30	35.64	50.62	0.00
167516134614071	167516134614071009R	14134	47313	2023-11-25	5.3	GBP	2	300.00	255.00	45.00	0.00	0.00	71.70	0.00	12.90	58.80	0.00
167516259615146	167516259615146001R	13863	47313	2023-11-28	1	GBP	2	300.00	374.14	42.00	36.94	0.00	0.00	0.00	0.00	0.00	0.00
167570296914910	167570296914910001R	12400	47313	2023-11-23	1	GBP	4	582.64	735.60	81.56	71.64	0.00	0.00	0.00	0.00	0.00	0.00
167612118394735	167612118394735001R	12500	47313	2023-11-28	1	GBP	4	582.64	735.60	81.56	71.64	0.00	0.00	0.00	0.00	0.00	0.00
167663769136349	167663769136349001R	12500	47313	2023-11-28	1	GBP	2	291.32	367.80	40.78	35.82	0.00	0.00	0.00	0.00	0.00	0.00
167845768398668	167845768398668001R	12633	47313	2023-11-30	1	GBP	2	291.32	367.80	40.78	35.82	0.00	0.00	0.00	0.00	0.00	0.00
167881077376947	167881077376947001R	41985	47313	2023-11-30	1	GBP	1	145.22	187.07	18.88	16.70	0.00	0.00	0.00	0.00	0.00	0.00
167898545668709	167898545668709001R	12500	47313	2023-11-28	1	GBP	2	291.32	367.80	40.78	35.82	0.00	0.00	0.00	0.00	0.00	0.00
167958643000686	167958643000686001R	13724	47313	2023-11-24	1.1	GBP	4	582.64	557.60	140.80	62.24	0.00	0.00	0.00	0.00	0.00	0.00
168010763974259	168010763974259001R	13863	47313	2023-11-28	1	GBP	2	291.32	367.80	40.78	35.82	0.00	0.00	0.00	0.00	0.00	0.00
168017372314133	168017372314133003R	13522	23908	2023-11-24	1	GBP	1	92.75	57.72	13.91	21.12	0.00	0.00	0.00	0.00	0.00	0.00
168017372314133	168017372314133004R	13522	23908	2023-11-24	1	GBP	1	0.00	0.00	0.00	0.00	0.00	0.00	0.00	0.00	0.00	0.00
168017372314133	168017372314133001R	13522	47313	2023-11-21	1.1	GBP	1	145.22	187.07	35.13	12.02	0.00	0.00	0.00	0.00	0.00	0.00
168017372314133	168017372314133002R	13522	47313	2023-11-21	1.1	GBP	1	0.00	0.00	0.00	0.00	0.00	0.00	0.00	0.00	0.00	0.00
168096345819165	168096345819165001R	12428	47313	2023-11-28	1	GBP	2	291.32	367.80	40.78	35.82	0.00	0.00	0.00	0.00	0.00	0.00
168148592903402	168148592903402001R	13036	47313	2023-11-23	1.1	GBP	2	281.94	367.80	69.00	23.14	0.00	0.00	0.00	0.00	0.00	0.00
168156049658898	168156049658898001R	12428	47313	2023-11-28	1	GBP	2	291.32	367.80	40.78	35.82	0.00	0.00	0.00	0.00	0.00	0.00
168545315849817	168545315849817005R	13021	64355	2023-11-06	3.2	GBP	2	538.00	437.54	80.70	19.76	0.00	230.14	0.00	34.52	195.62	0.00
168997318525665	168997318525665005R	13034	64355	2023-11-06	3.2	GBP	2	538.00	437.54	80.70	19.76	0.00	230.14	0.00	34.52	195.62	0.00
168303707882504	168303707882504001R	13293	64355	2023-11-20	1.2	GBP	2	309.24	429.84	79.08	18.32	0.00	0.00	0.00	0.00	0.00	0.00
168424173971381	168424173971381001R	13724	64355	2023-11-24	1.1	GBP	1	269.00	214.92	40.35	13.73	0.00	0.00	0.00	0.00	0.00	0.00
168491986372120	168491986372120005R	13034	64355	2023-11-12	3	GBP	2	307.86	241.92	46.18	19.76	0.00	218.00	0.00	32.70	185.30	0.00
168527771261722	168527771261722005R	13036	64355	2023-11-09	3	GBP	2	307.86	241.92	46.18	19.76	0.00	218.00	0.00	32.70	185.30	0.00
168613406443717	168613406443717005R	13271	64355	2023-11-10	3	GBP	2	307.86	241.92	46.18	19.76	0.00	218.00	0.00	32.70	185.30	0.00
168804266302596	168804266302596015R	13795	64355	2023-11-10	3	GBP	7	1115.17	878.71	167.30	69.16	0.00	763.00	0.00	114.45	648.55	0.00
168880969942346	168880969942346005R	13589	64355	2023-11-12	3	GBP	2	307.86	241.92	46.18	19.76	0.00	218.00	0.00	32.70	185.30	0.00
168906527638070	168906527638070025R	13204	64355	2023-11-25	7.6	GBP	4	640.00	544.00	96.00	0.00	0.00	97.52	0.00	14.64	82.88	0.00
168918606740020	168918606740020005R	48708	64355	2023-11-10	3.1	GBP	2	538.00	416.24	96.84	24.92	0.00	218.00	0.00	39.24	178.76	0.00
168942594776873	168942594776873005R	12522	64355	2023-11-12	3	GBP	2	318.62	245.68	47.80	25.14	0.00	218.00	0.00	32.70	185.30	0.00
168960118301373	168960118301373005R	13458	64355	2023-11-11	3	GBP	2	307.86	241.92	46.18	19.76	0.00	218.00	0.00	32.70	185.30	0.00
169037597185757	169037597185757003R	13307	64355	2023-11-06	3.4	GBP	1	269.00	218.77	40.35	9.88	0.00	115.07	0.00	17.26	97.81	0.00
169045897693828	169045897693828013R	12633	64355	2023-11-10	3	GBP	6	1374.00	1106.22	192.36	75.42	0.00	654.00	0.00	91.56	562.44	0.00
169210852740652	169210852740652005R	13592	64355	2023-11-12	3	GBP	2	327.46	241.58	49.12	36.76	0.00	218.00	0.00	32.70	185.30	0.00
169296474009470	169296474009470005R	35738	64355	2023-11-08	3.2	GBP	2	558.00	437.54	83.70	36.76	0.00	218.00	0.00	32.70	185.30	0.00
169305123385880	169305123385880003R	13487	64355	2023-11-08	3.1	GBP	1	279.00	218.77	41.85	18.38	0.00	114.58	0.00	17.19	97.39	0.00
169435301311337	169435301311337003R	12990	48033	2023-11-15	1	GBP	1	132.12	112.30	19.82	0.00	0.00	0.00	0.00	0.00	0.00	0.00
169435301311337	169435301311337002R	12990	59622	2023-11-13	1	GBP	1	88.20	71.72	13.23	3.25	0.00	0.00	0.00	0.00	0.00	0.00
169435301311337	169435301311337004R	12990	61318	2023-11-10	1	GBP	1	34.30	23.81	5.15	5.34	0.00	0.00	0.00	0.00	0.00	0.00
169435301311337	169435301311337006R	12990	64355	2023-11-10	3	GBP	1	163.73	120.79	24.56	18.38	0.00	109.00	0.00	16.35	92.65	0.00
169436889877092	169436889877092005R	13072	64355	2023-11-12	3	GBP	2	327.46	241.58	49.12	36.76	0.00	218.00	0.00	32.70	185.30	0.00
169444327924188	169444327924188005R	13546	64355	2023-11-13	3	GBP	2	327.46	241.58	49.12	36.76	0.00	218.00	0.00	32.70	185.30	0.00
169452035247969	169452035247969005R	12381	64355	2023-11-12	3	GBP	2	338.62	245.48	50.80	42.34	0.00	218.00	0.00	32.70	185.30	0.00
169468053599370	169468053599370005R	13453	64355	2023-11-13	3	GBP	2	327.46	241.58	49.12	36.76	0.00	218.00	0.00	32.70	185.30	0.00
169514249417826	169514249417826011R	13724	64355	2023-11-13	3	GBP	5	846.55	627.65	127.00	91.90	0.00	545.00	0.00	81.75	463.25	0.00
169624375822569	169624375822569005R	12510	64355	2023-11-09	3	GBP	2	338.62	245.48	50.80	42.34	0.00	218.00	0.00	32.70	185.30	0.00
169686232442815	169686232442815005R	13521	64355	2023-11-13	3	GBP	2	327.46	241.58	49.12	36.76	0.00	218.00	0.00	32.70	185.30	0.00
169713825223653	169713825223653005R	13724	64355	2023-11-11	3	GBP	2	338.62	251.06	50.80	36.76	0.00	218.00	0.00	32.70	185.30	0.00
169832447516379	169832447516379005R	13127	64355	2023-11-09	3	GBP	2	327.46	241.58	49.12	36.76	0.00	218.00	0.00	32.70	185.30	0.00
169841978248441	169841978248441005R	13343	64355	2023-11-13	3	GBP	2	327.46	241.58	49.12	36.76	0.00	218.00	0.00	32.70	185.30	0.00
169867278257057	169867278257057001R	13135	64355	2023-11-06	1.3	GBP	4	657.68	875.08	164.04	54.56	0.00	0.00	0.00	0.00	0.00	0.00
169918901585878	169918901585878005R	13435	64355	2023-11-12	3.1	GBP	2	327.46	241.58	49.12	36.76	0.00	218.00	0.00	32.70	185.30	0.00
169943863546875	169943863546875005R	13506	64355	2023-11-13	3	GBP	2	327.46	241.58	49.12	36.76	0.00	218.00	0.00	32.70	185.30	0.00
167144331910582	167144331910582005R	13203	47313	2023-12-03	3.1	GBP	2	478.00	350.02	71.70	56.28	0.00	415.56	151.30	62.34	201.92	0.00
167308397430572	167308397430572001R	12589	47313	2023-12-05	1	GBP	3	450.00	561.21	63.00	55.41	0.00	0.00	0.00	0.00	0.00	0.00
167308949905633	167308949905633001R	12445	47313	2023-12-05	1	GBP	2	300.00	374.14	42.00	36.94	0.00	0.00	0.00	0.00	0.00	0.00
167310758685325	167310758685325001R	12589	47313	2023-12-05	1	GBP	2	300.00	374.14	42.00	36.94	0.00	0.00	0.00	0.00	0.00	0.00
167310800521162	167310800521162001R	12445	47313	2023-12-05	1	GBP	2	300.00	374.14	42.00	36.94	0.00	0.00	0.00	0.00	0.00	0.00
167318407658471	167318407658471001R	13011	47313	2023-12-05	1.3	GBP	2	290.44	369.46	70.26	28.72	0.00	0.00	0.00	0.00	0.00	0.00
167370003974890	167370003974890001R	12500	47313	2023-12-05	1	GBP	4	600.00	748.28	84.00	73.88	0.00	0.00	0.00	0.00	0.00	0.00
167395647578332	167395647578332001R	13956	47313	2023-12-04	1	GBP	2	290.44	374.14	37.76	33.40	0.00	0.00	0.00	0.00	0.00	0.00
167397012820978	167397012820978001R	12500	47313	2023-12-05	1	GBP	2	300.00	374.14	42.00	36.94	0.00	0.00	0.00	0.00	0.00	0.00
167508105873337	167508105873337001R	12630	47313	2023-12-09	1	GBP	2	300.00	374.14	42.00	36.94	0.00	0.00	0.00	0.00	0.00	0.00
167508494746196	167508494746196001R	12633	47313	2023-12-07	1	GBP	2	300.00	374.14	42.00	36.94	0.00	0.00	0.00	0.00	0.00	0.00
167515876457148	167515876457148001R	12633	47313	2023-12-07	1	GBP	2	300.00	374.14	42.00	36.94	0.00	0.00	0.00	0.00	0.00	0.00
167516456457921	167516456457921001R	12491	47313	2023-12-05	1	GBP	2	300.00	374.14	42.00	36.94	0.00	0.00	0.00	0.00	0.00	0.00
167525897554255	167525897554255001R	12589	47313	2023-12-08	1	GBP	2	291.32	367.80	40.78	35.82	0.00	0.00	0.00	0.00	0.00	0.00
167533937943558	167533937943558001R	12630	47313	2023-12-08	1	GBP	2	291.32	367.80	40.78	35.82	0.00	0.00	0.00	0.00	0.00	0.00
167567944838772	167567944838772001R	12381	47313	2023-12-08	1	GBP	4	582.64	735.60	81.56	71.64	0.00	0.00	0.00	0.00	0.00	0.00
167603577964694	167603577964694001R	12500	47313	2023-12-05	1	GBP	2	291.32	367.80	40.78	35.82	0.00	0.00	0.00	0.00	0.00	0.00
167654888636111	167654888636111001R	12400	47313	2023-12-02	1	GBP	2	291.32	367.80	40.78	35.82	0.00	0.00	0.00	0.00	0.00	0.00
167664141163252	167664141163252001R	12630	47313	2023-12-02	1	GBP	2	291.32	367.80	40.78	35.82	0.00	0.00	0.00	0.00	0.00	0.00
167708088838293	167708088838293001R	12428	47313	2023-12-06	1	GBP	2	291.32	367.80	40.78	35.82	0.00	0.00	0.00	0.00	0.00	0.00
167731938697966	167731938697966001R	12834	47313	2023-12-02	1	GBP	2	290.44	374.14	37.76	33.40	0.00	0.00	0.00	0.00	0.00	0.00
167759895752364	167759895752364001R	12589	47313	2023-12-05	1	GBP	2	291.32	367.80	40.78	35.82	0.00	0.00	0.00	0.00	0.00	0.00
167761232787903	167761232787903001R	13956	47313	2023-12-03	1	GBP	4	580.88	748.28	75.52	66.80	0.00	0.00	0.00	0.00	0.00	0.00
167854408567703	167854408567703001R	12633	47313	2023-12-05	1	GBP	4	582.64	735.60	81.56	71.64	0.00	0.00	0.00	0.00	0.00	0.00
167973821192462	167973821192462001R	12381	47313	2023-12-04	1	GBP	2	291.32	367.80	40.78	35.82	0.00	0.00	0.00	0.00	0.00	0.00
167973821192462	167973821192462003R	12381	47313	2023-12-04	1	GBP	1	57.29	44.92	8.02	4.35	0.00	0.00	0.00	0.00	0.00	0.00
168069588434147	168069588434147001R	12491	47313	2023-12-07	1	GBP	2	291.32	367.80	40.78	35.82	0.00	0.00	0.00	0.00	0.00	0.00
168096622213411	168096622213411001R	12491	47313	2023-12-01	1	GBP	2	291.32	367.80	40.78	35.82	0.00	0.00	0.00	0.00	0.00	0.00
168122706428546	168122706428546001R	12381	47313	2023-12-01	1	GBP	2	291.32	367.80	40.78	35.82	0.00	0.00	0.00	0.00	0.00	0.00
168242538134994	168242538134994001R	12630	47313	2023-12-01	1	GBP	2	291.32	367.80	40.78	35.82	0.00	0.00	0.00	0.00	0.00	0.00
169770863395889	169770863395889001R	13203	64355	2023-11-26	1.1	GBP	2	328.84	437.54	82.02	27.28	0.00	0.00	0.00	0.00	0.00	0.00
166454344819860	166454344819860005R	35972	47313	2023-12-10	3.1	GBP	2	426.00	362.10	63.90	0.00	0.00	236.52	151.30	35.48	49.74	0.00
166461655241382	166461655241382005R	35814	47313	2023-12-10	3	GBP	2	426.00	362.10	63.90	0.00	0.00	236.52	0.00	35.48	201.04	0.00
166479405199633	166479405199633005R	35972	47313	2023-12-10	3.1	GBP	2	426.00	362.10	63.90	0.00	0.00	236.52	151.30	35.48	49.74	0.00
166480034308157	166480034308157005R	13072	47313	2023-12-10	3.1	GBP	2	426.00	362.10	63.90	0.00	0.00	236.52	151.30	35.48	49.74	0.00
166480926187309	166480926187309005R	13587	47313	2023-12-10	3	GBP	2	426.00	362.10	63.90	0.00	0.00	236.52	151.30	35.48	49.74	0.00
166498178612574	166498178612574007R	13203	47313	2023-12-10	3.1	GBP	3	639.00	543.15	95.85	0.00	0.00	354.78	0.00	53.22	301.56	0.00
166748737702263	166748737702263005R	13203	47313	2023-12-10	3.1	GBP	2	478.00	350.02	71.70	56.28	0.00	237.56	0.00	35.64	201.92	0.00
167025453249212	167025453249212005R	13207	47313	2023-12-10	3.2	GBP	2	478.00	350.02	71.70	56.28	0.00	237.56	0.00	35.64	201.92	0.00
167147091004309	167147091004309005R	13196	47313	2023-12-14	3.1	GBP	2	478.00	350.02	71.70	56.28	0.00	227.56	0.00	34.14	193.42	0.00
167179826325670	167179826325670005R	13128	47313	2023-12-14	3.2	GBP	2	478.00	350.02	71.70	56.28	0.00	237.56	0.00	35.64	201.92	0.00
167310667796342	167310667796342005R	13104	47313	2023-12-10	3.4	GBP	2	478.00	350.02	71.70	56.28	0.00	237.56	0.00	35.64	201.92	0.00
167352781944055	167352781944055015R	13588	47313	2023-12-12	5	GBP	2	478.00	354.80	71.70	51.50	0.00	238.00	0.00	38.08	199.92	0.00
167370668557893	167370668557893005R	13631	47313	2023-12-12	3.1	GBP	2	478.00	350.02	71.70	56.28	0.00	237.56	0.00	35.64	201.92	0.00
167371115725237	167371115725237005R	12500	47313	2023-12-12	3	GBP	2	478.00	350.02	66.92	61.06	0.00	228.00	0.00	31.92	196.08	0.00
167387497126131	167387497126131028R	13561	47313	2023-12-12	7	GBP	3	717.00	525.03	107.55	84.42	0.00	431.34	0.00	64.71	366.63	0.00
167413131420471	167413131420471005R	12381	47313	2023-12-12	3.1	GBP	2	478.00	350.02	66.92	61.06	0.00	228.00	0.00	31.92	196.08	0.00
167422012095652	167422012095652005R	13032	47313	2023-12-10	3.2	GBP	2	478.00	350.02	71.70	56.28	0.00	237.56	0.00	35.64	201.92	0.00
167509943284417	167509943284417003R	13127	47313	2023-12-12	3.2	GBP	1	239.00	175.01	35.85	28.14	0.00	118.78	0.00	17.82	100.96	0.00
167516768144729	167516768144729001R	12400	47313	2023-12-12	1	GBP	2	300.00	374.14	42.00	36.94	0.00	0.00	0.00	0.00	0.00	0.00
167516895795683	167516895795683001R	12400	47313	2023-12-12	1	GBP	2	300.00	374.14	42.00	36.94	0.00	0.00	0.00	0.00	0.00	0.00
167517172426140	167517172426140015R	12428	47313	2023-12-11	3.1	GBP	7	1673.00	1225.07	234.22	213.71	0.00	798.00	0.00	111.72	686.28	0.00
167526960077548	167526960077548005R	13127	47313	2023-12-11	3	GBP	2	478.00	350.02	71.70	56.28	0.00	237.56	0.00	35.64	201.92	0.00
167587489196311	167587489196311001R	12381	47313	2023-12-09	1	GBP	2	291.32	367.80	40.78	35.82	0.00	0.00	0.00	0.00	0.00	0.00
167603611270980	167603611270980001R	12482	47313	2023-12-09	1	GBP	2	291.32	367.80	40.78	35.82	0.00	0.00	0.00	0.00	0.00	0.00
167751209626750	167751209626750001R	12498	47313	2023-12-11	1	GBP	2	291.32	367.80	40.78	35.82	0.00	0.00	0.00	0.00	0.00	0.00
167999571520894	167999571520894001R	41799	47313	2023-12-10	1	GBP	2	290.44	374.14	37.76	33.40	0.00	0.00	0.00	0.00	0.00	0.00
168120592188680	168120592188680001R	41799	47313	2023-12-09	1	GBP	2	290.44	374.14	37.76	33.40	0.00	0.00	0.00	0.00	0.00	0.00
168208636281635	168208636281635001R	41799	47313	2023-12-09	1	GBP	2	281.94	367.80	36.66	32.34	0.00	0.00	0.00	0.00	0.00	0.00
168215593320012	168215593320012005R	13171	47313	2023-12-13	3.1	GBP	2	469.32	350.02	70.40	48.90	0.00	237.38	0.00	35.60	201.78	0.00
168258843740526	168258843740526005R	35724	47313	2023-12-12	3	GBP	2	469.32	350.02	70.40	48.90	0.00	228.00	0.00	34.20	193.80	0.00
166885732738122	166885732738122005R	13542	47313	2023-12-16	3.2	GBP	2	478.00	350.02	71.70	56.28	0.00	237.56	0.00	35.64	201.92	0.00
167043188482099	167043188482099009R	12597	47313	2023-12-16	5	GBP	2	478.00	350.02	66.92	61.06	0.00	278.00	0.00	38.92	239.08	0.00
167140692741886	167140692741886005R	13035	47313	2023-12-16	3.2	GBP	2	478.00	354.80	71.70	51.50	0.00	237.56	0.00	38.00	199.56	0.00
167248376982761	167248376982761001R	13588	47313	2023-12-31	1	GBP	6	1419.66	532.20	107.55	120.33	0.00	281.34	0.00	45.00	236.34	0.00
167248376982761	167248376982761004R	13588	47313	2023-12-31	1	GBP	2	114.84	43.32	8.70	9.17	0.00	1.16	0.00	0.19	0.97	0.00
167266376414370	167266376414370016R	13588	47313	2023-12-31	3.2	GBP	6	1434.00	1064.40	215.10	154.50	0.00	562.68	0.00	90.00	472.68	0.00
167266376414370	167266376414370009R	13588	47313	2023-12-31	3.2	GBP	1	58.00	43.32	8.70	5.98	0.00	1.16	0.00	0.19	0.97	0.00
167284336639613	167284336639613001R	12390	47313	2023-12-19	1	GBP	2	300.00	374.14	42.00	36.94	0.00	0.00	0.00	0.00	0.00	0.00
167285948416054	167285948416054001R	13956	47313	2023-12-19	1	GBP	2	290.44	374.14	37.76	33.40	0.00	0.00	0.00	0.00	0.00	0.00
167293174783454	167293174783454001R	13956	47313	2023-12-19	1	GBP	2	290.44	374.14	37.76	33.40	0.00	0.00	0.00	0.00	0.00	0.00
167293174783454	167293174783454003R	13956	47313	2023-12-19	1	GBP	2	113.68	91.38	14.78	7.52	0.00	0.00	0.00	0.00	0.00	0.00
167351959526134	167351959526134001R	12630	47313	2023-12-26	1	GBP	2	300.00	374.14	42.00	36.94	0.00	0.00	0.00	0.00	0.00	0.00
167353313483785	167353313483785001R	12445	47313	2023-12-26	1	GBP	2	300.00	374.14	42.00	36.94	0.00	0.00	0.00	0.00	0.00	0.00
167354074646039	167354074646039001R	12630	47313	2023-12-26	1	GBP	2	300.00	374.14	42.00	36.94	0.00	0.00	0.00	0.00	0.00	0.00
167354074646039	167354074646039003R	12630	47313	2023-12-26	1	GBP	2	116.00	91.38	16.24	8.38	0.00	0.00	0.00	0.00	0.00	0.00
167362036672562	167362036672562001R	12589	47313	2023-12-26	1	GBP	3	450.00	561.21	63.00	55.41	0.00	0.00	0.00	0.00	0.00	0.00
167362702996848	167362702996848001R	12589	47313	2023-12-17	1	GBP	4	600.00	748.28	84.00	73.88	0.00	0.00	0.00	0.00	0.00	0.00
167466641363322	167466641363322001R	12630	47313	2023-12-26	1	GBP	2	300.00	374.14	42.00	36.94	0.00	0.00	0.00	0.00	0.00	0.00
167473383570618	167473383570618001R	12372	47313	2023-12-15	1	GBP	2	300.00	374.14	42.00	36.94	0.00	0.00	0.00	0.00	0.00	0.00
167473383570618	167473383570618003R	12372	47313	2023-12-15	1	GBP	1	0.00	0.00	0.00	0.00	0.00	0.00	0.00	0.00	0.00	0.00
167516226760746	167516226760746001R	12589	47313	2023-12-26	1	GBP	2	300.00	374.14	42.00	36.94	0.00	0.00	0.00	0.00	0.00	0.00
167612018062872	167612018062872001R	12589	47313	2023-12-22	1	GBP	2	291.32	367.80	40.78	35.82	0.00	0.00	0.00	0.00	0.00	0.00
167646959154691	167646959154691005R	13036	47313	2023-12-29	3.5	GBP	2	478.00	350.02	71.70	56.28	0.00	187.56	0.00	28.14	159.42	0.00
167654279365937	167654279365937001R	13036	47313	2023-12-29	1.2	GBP	3	435.66	465.19	105.39	43.08	0.00	0.00	0.00	0.00	0.00	0.00
167671477155426	167671477155426009R	13036	47313	2023-12-29	3.2	GBP	4	956.00	700.04	143.40	112.56	0.00	475.12	0.00	71.28	403.84	0.00
167698531023269	167698531023269013R	13035	47313	2023-12-30	3	GBP	3	717.00	525.03	107.55	84.42	0.00	281.34	0.00	42.21	239.13	0.00
167698531023269	167698531023269008R	13035	47313	2023-12-30	3	GBP	2	116.00	85.48	17.40	13.12	0.00	2.32	0.00	0.34	1.98	0.00
167853484878817	167853484878817003R	13863	47313	2023-12-31	1.2	GBP	2	291.32	278.80	65.70	35.82	0.00	0.00	0.00	0.00	0.00	0.00
167853814329301	167853814329301001R	12589	47313	2023-12-16	1	GBP	2	291.32	367.80	40.78	35.82	0.00	0.00	0.00	0.00	0.00	0.00
168016612901724	168016612901724009R	13198	47313	2023-12-17	3.2	GBP	4	956.00	700.04	143.40	112.56	0.00	475.12	0.00	71.28	403.84	0.00
168156602456712	168156602456712001R	13096	47313	2023-12-28	1.1	GBP	4	563.88	735.60	138.00	46.28	0.00	0.00	0.00	0.00	0.00	0.00
168175801327946	168175801327946001R	35732	47313	2023-12-24	1.2	GBP	2	291.32	278.80	70.40	31.12	0.00	0.00	0.00	0.00	0.00	0.00
168175801327946	168175801327946003R	35732	47313	2023-12-24	1.2	GBP	2	114.58	89.84	17.18	7.56	0.00	0.00	0.00	0.00	0.00	0.00
168199034665103	168199034665103005R	13035	47313	2023-12-16	3.1	GBP	2	469.32	350.02	70.40	48.90	0.00	237.38	0.00	35.60	201.78	0.00
168242188203861	168242188203861015R	12391	47313	2023-12-23	3	GBP	6	1407.96	1050.06	197.10	160.80	0.00	684.00	0.00	95.76	588.24	0.00
168242188203861	168242188203861023R	12391	47313	2023-12-23	3	GBP	2	114.58	85.48	16.04	13.06	0.00	24.00	0.00	3.36	20.64	0.00
169174844101224	169174844101224003R	12515	64355	2023-12-02	3.1	GBP	1	279.00	218.77	39.06	21.17	0.00	129.00	0.00	18.06	110.94	0.00
168269668476943	168269668476943005R	13906	64355	2023-12-14	3.1	GBP	2	498.00	403.54	74.70	19.76	0.00	218.00	0.00	32.70	185.30	0.00
168269669876895	168269669876895014R	13521	64355	2024-01-02	5.1	GBP	2	538.00	437.54	80.70	19.76	0.00	228.76	0.00	34.32	194.44	0.00
168269669876895	168269669876895011R	13521	64355	2024-01-02	5.1	GBP	1	65.00	50.01	9.75	5.24	0.00	1.30	0.00	0.20	1.11	0.00
168304045084404	168304045084404007R	13589	64355	2023-12-17	3.2	GBP	2	538.00	457.30	80.70	0.00	0.00	268.76	0.00	43.00	225.76	0.00
168304045084404	168304045084404011R	13589	64355	2023-12-17	3.2	GBP	2	130.00	110.50	19.50	0.00	0.00	22.60	0.00	3.62	18.98	0.00
168312145148522	168312145148522001R	35732	64355	2023-12-25	1.1	GBP	2	320.00	429.84	80.70	27.46	0.00	0.00	0.00	0.00	0.00	0.00
168328056804064	168328056804064001R	35732	64355	2023-12-25	1.2	GBP	1	160.00	214.92	40.35	13.73	0.00	0.00	0.00	0.00	0.00	0.00
168389282632297	168389282632297001R	12597	64355	2024-01-02	1.1	GBP	4	640.00	750.68	150.64	65.68	0.00	0.00	0.00	0.00	0.00	0.00
168476888955909	168476888955909009R	13589	64355	2024-01-07	3.3	GBP	3	730.86	656.31	121.05	29.64	0.00	76.14	0.00	11.43	64.71	0.00
168476888955909	168476888955909014R	13589	64355	2024-01-07	3.3	GBP	2	107.40	100.02	19.50	10.48	0.00	22.60	-0.02	3.40	19.22	0.00
168484283530724	168484283530724010R	12500	64355	2024-01-02	3.2	GBP	4	1076.00	875.08	150.64	50.28	0.00	436.00	0.00	61.04	374.96	0.00
168484283530724	168484283530724015R	12500	64355	2024-01-02	3.2	GBP	1	65.00	52.57	9.10	3.33	0.00	0.00	0.00	0.00	0.00	0.00
168493826745221	168493826745221005R	13204	64355	2024-01-07	3.1	GBP	2	487.24	437.54	80.70	19.76	0.00	50.76	0.00	7.62	43.14	0.00
168744734274425	168744734274425001R	13369	64355	2023-12-07	1.2	GBP	2	309.24	429.84	79.08	18.32	0.00	0.00	0.00	0.00	0.00	0.00
168838417240142	168838417240142025R	14094	64355	2023-12-12	9.4	GBP	3	807.00	640.17	121.05	45.78	0.00	334.14	0.00	43.44	290.70	0.00
169071672497041	169071672497041005R	35724	64355	2024-01-07	3	GBP	2	538.00	437.54	80.70	19.76	0.00	218.00	0.00	32.70	185.30	0.00
169088832708543	169088832708543003R	41985	46949	2024-01-06	1	GBP	2	181.30	129.50	23.56	28.24	0.00	0.00	0.00	0.00	0.00	0.00
169088832708543	169088832708543011R	41985	64355	2024-01-02	5.2	GBP	2	558.00	437.54	72.54	47.92	0.00	218.00	0.00	28.34	189.66	0.00
169124020910610	169124020910610015R	13857	64355	2024-01-01	3	GBP	6	1674.00	1312.62	200.88	160.50	0.00	774.00	0.00	92.88	681.12	0.00
169124020910610	169124020910610023R	13857	64355	2024-01-01	3	GBP	2	138.00	105.14	16.56	16.30	0.00	20.00	0.00	2.40	17.60	0.00
169227578234393	169227578234393001R	13515	64355	2023-12-11	1.1	GBP	2	328.84	371.92	82.02	92.90	0.00	0.00	0.00	0.00	0.00	0.00
169270321788216	169270321788216005R	13453	64355	2023-12-14	3.1	GBP	2	506.84	394.06	76.02	36.76	0.00	218.00	0.00	32.70	185.30	0.00
169306132592053	169306132592053005R	12589	64355	2023-12-14	3.1	GBP	2	558.00	437.54	78.12	42.34	0.00	258.00	0.00	36.12	221.88	0.00
169417073716836	169417073716836001R	13352	64355	2023-12-12	1.1	GBP	2	328.84	371.92	82.02	92.90	0.00	0.00	0.00	0.00	0.00	0.00
169417698515304	169417698515304003R	13128	64355	2023-12-14	3.1	GBP	1	279.00	218.77	41.85	18.38	0.00	134.58	0.00	20.19	114.39	0.00
169471466038604	169471466038604005R	13036	64355	2023-12-13	3.1	GBP	2	506.84	394.06	76.02	36.76	0.00	218.00	0.00	32.70	185.30	0.00
169538189794274	169538189794274009R	13422	64355	2023-12-13	5.1	GBP	2	506.84	430.82	76.02	0.00	0.00	258.00	0.00	38.70	219.30	0.00
169601655275495	169601655275495005R	13399	64355	2023-12-17	3.2	ISK	2	558.00	474.30	83.70	0.00	0.00	269.16	0.00	269.16	0.00	0.00
169607614889669	169607614889669009R	13138	64355	2023-12-17	5	GBP	2	506.84	430.82	76.02	0.00	0.00	258.00	0.00	38.70	219.30	0.00
169651975332155	169651975332155010R	12400	64355	2024-01-01	3.3	GBP	4	1116.00	875.08	156.24	84.68	0.00	436.00	0.00	61.04	374.96	0.00
169651975332155	169651975332155015R	12400	64355	2024-01-01	3.3	GBP	1	69.00	52.57	9.66	6.77	0.00	0.00	0.00	0.00	0.00	0.00
169721039556616	169721039556616008R	13290	64460	2023-12-13	3.2	GBP	3	363.36	315.42	64.80	51.78	0.00	68.64	0.00	10.29	58.35	0.00
169721039556616	169721039556616012R	13290	64460	2023-12-13	3.2	GBP	1	58.62	50.01	10.35	8.64	0.00	10.38	0.00	1.56	8.82	0.00
169816055235433	169816055235433005R	13486	64460	2023-12-12	3.3	GBP	2	242.24	210.28	43.20	34.52	0.00	45.76	0.00	6.86	38.90	0.00
169816163296853	169816163296853009R	13812	64355	2023-12-12	5	GBP	2	518.00	440.30	77.70	0.00	0.00	258.00	0.00	38.70	219.30	0.00
169840064268661	169840064268661005R	14072	64355	2023-12-12	3.1	GBP	2	558.00	437.54	72.54	47.92	0.00	269.16	0.00	35.00	234.16	0.00
169953032643531	169953032643531001R	13035	63437	2024-01-06	1	GBP	3	366.78	271.74	55.02	40.02	0.00	0.00	0.00	0.00	0.00	0.00
169953032643531	169953032643531004R	13035	63437	2024-01-06	1	GBP	1	61.13	45.29	9.17	6.67	0.00	0.00	0.00	0.00	0.00	0.00
169953032643531	169953032643531020R	13035	64355	2024-01-03	5	GBP	3	837.00	656.31	125.55	55.14	0.00	343.74	0.00	51.57	292.17	0.00
169953032643531	169953032643531024R	13035	64355	2024-01-03	5	GBP	1	69.00	50.01	10.35	8.64	0.00	1.38	0.00	0.21	1.17	0.00
170067112814259	170067112814259005R	13589	64460	2023-12-17	3.2	GBP	2	242.24	210.28	43.20	34.52	0.00	45.76	0.00	6.86	38.90	0.00
168296607991778	168296607991778005R	13956	64355	2024-01-14	3.3	GBP	2	538.00	437.54	69.94	30.52	0.00	228.76	0.00	29.74	199.02	0.00
168303327308727	168303327308727011R	12400	64355	2024-01-13	3.2	GBP	5	1345.00	1093.85	188.30	62.85	0.00	545.00	0.00	76.30	468.70	0.00
168313767150225	168313767150225005R	13933	64355	2024-01-13	3.1	ISK	2	538.00	457.30	80.70	0.00	0.00	218.00	0.00	218.00	0.00	0.00
168330042462640	168330042462640005R	13517	64355	2024-01-12	3	GBP	2	538.00	437.54	80.70	19.76	0.00	228.76	0.00	34.32	194.44	0.00
168519080792662	168519080792662001R	12853	64355	2024-01-18	1.3	GBP	2	309.24	429.84	68.54	28.86	0.00	0.00	0.00	0.00	0.00	0.00
168839505735620	168839505735620007R	12922	45576	2024-01-15	1	GBP	6	465.54	332.52	69.84	63.18	0.00	0.00	0.00	0.00	0.00	0.00
168839505735620	168839505735620019R	12922	64355	2024-01-14	3.1	GBP	6	1614.00	1312.62	242.10	59.28	0.00	686.28	0.00	102.96	583.32	0.00
168855973623781	168855973623781005R	13420	64355	2024-01-12	3.3	GBP	2	538.00	457.30	80.70	0.00	0.00	228.76	0.00	36.60	192.16	0.00
168880635366496	168880635366496005R	48708	64355	2024-01-12	3	GBP	2	538.00	416.24	96.84	24.92	0.00	218.00	0.00	39.24	178.76	0.00
169036715364480	169036715364480007R	13104	64355	2024-01-12	3.2	ISK	3	807.00	685.95	121.05	0.00	0.00	343.14	0.00	343.14	0.00	0.00
169080864766200	169080864766200005R	13036	64355	2024-01-13	3.2	GBP	2	538.00	457.30	80.70	0.00	0.00	228.76	0.00	36.60	192.16	0.00
169278962782563	169278962782563013R	13795	64355	2024-01-13	3.2	GBP	6	1674.00	1312.62	251.10	110.28	0.00	654.00	0.00	98.10	555.90	0.00
169356505646136	169356505646136005R	13284	64355	2024-01-12	3.1	ISK	2	558.00	474.30	83.70	0.00	0.00	229.16	0.00	229.16	0.00	0.00
169408821110547	169408821110547003R	13262	64355	2024-01-13	3.2	GBP	1	279.00	218.77	41.85	18.38	0.00	114.58	0.00	17.19	97.39	0.00
169486244086102	169486244086102005R	13418	64355	2024-01-12	3	GBP	2	558.00	437.54	83.70	36.76	0.00	229.16	0.00	34.38	194.78	0.00
169572578461429	169572578461429009R	13082	64355	2024-01-13	3.1	GBP	4	1116.00	875.08	167.40	73.52	0.00	458.32	0.00	68.76	389.56	0.00
169659482697638	169659482697638005R	14023	64355	2024-01-17	3.2	GBP	2	558.00	437.54	72.54	47.92	0.00	229.16	0.00	29.80	199.36	0.00
169720233622383	169720233622383005R	13575	64355	2024-01-13	3	GBP	2	558.00	437.54	83.70	36.76	0.00	229.16	0.00	34.38	194.78	0.00
169727974009908	169727974009908007R	13956	64355	2024-01-17	3.2	GBP	3	837.00	656.31	108.81	71.88	0.00	343.74	0.00	44.70	299.04	0.00
169728966190615	169728966190615007R	35726	64355	2024-01-13	3.4	GBP	3	837.00	656.31	125.55	55.14	0.00	327.00	0.00	49.05	277.95	0.00
169762917997331	169762917997331005R	13522	64355	2024-01-13	3	GBP	2	558.00	437.54	83.70	36.76	0.00	229.16	0.00	34.38	194.78	0.00
169798316392189	169798316392189005R	13863	64355	2024-01-21	3.2	GBP	2	518.00	397.96	77.70	42.34	0.00	218.00	0.00	32.70	185.30	0.00
169826055611121	169826055611121005R	41763	64355	2024-01-12	3.1	GBP	2	558.00	437.54	83.70	36.76	0.00	218.00	0.00	32.70	185.30	0.00
169831553710913	169831553710913009R	13638	64355	2024-01-12	5.3	GBP	2	558.00	437.54	83.70	36.76	0.00	269.16	0.00	40.38	228.78	0.00
169841303567492	169841303567492005R	12633	64355	2024-01-18	3.1	GBP	2	518.00	397.96	77.70	42.34	0.00	218.00	0.00	32.70	185.30	0.00
169962315885522	169962315885522005R	13724	64355	2024-01-13	3.2	GBP	2	558.00	437.54	83.70	36.76	0.00	218.00	0.00	32.70	185.30	0.00
170102145878425	170102145878425004R	14028	64355	2024-01-16	3.4	GBP	1	279.00	218.77	39.06	21.17	0.00	109.00	0.00	15.26	93.74	0.00
170102145878425	170102145878425006R	14028	64355	2024-01-16	3.4	GBP	1	69.00	52.57	9.66	6.77	0.00	0.00	0.00	0.00	0.00	0.00
170118200269494	170118200269494005R	36228	64355	2024-01-12	7.1	GBP	2	558.00	437.54	72.54	47.92	0.00	229.16	0.00	29.80	199.36	0.00
170385838093872	170385838093872005R	13135	64355	2024-01-13	3.3	GBP	2	558.00	443.12	83.70	31.18	0.00	229.16	0.00	36.66	192.50	0.00
170419336474671	170419336474671005R	13724	64355	2024-01-12	3	GBP	2	558.00	437.54	83.70	36.76	0.00	218.00	0.00	32.70	185.30	0.00
170481678470857	170481678470857001R	13034	64355	2024-01-14	1.1	GBP	2	328.84	328.54	82.02	27.28	0.00	0.00	0.00	0.00	0.00	0.00
168276436195752	168276436195752009R	13724	64355	2024-02-01	3.1	GBP	4	1076.00	875.08	161.40	39.52	0.00	592.00	0.00	88.80	503.20	0.00
168294964839905	168294964839905005R	13036	64355	2024-01-29	3.1	GBP	2	538.00	437.54	80.70	19.76	0.00	130.76	0.00	19.62	111.14	0.00
168310944539642	168310944539642005R	13339	64460	2024-01-27	3.2	ISK	2	278.00	236.30	41.70	0.00	0.00	45.56	0.00	45.56	0.00	0.00
168425065953701	168425065953701007R	13036	64355	2024-01-24	3.1	GBP	3	807.00	656.31	121.05	29.64	0.00	403.14	0.00	60.48	342.66	0.00
168474926529051	168474926529051005R	13171	64355	2024-02-06	3.1	GBP	2	538.00	457.30	80.70	0.00	0.00	228.76	0.00	36.60	192.16	0.00
168511451469823	168511451469823005R	13059	64460	2024-01-06	3.4	GBP	2	232.44	210.28	41.70	26.02	0.00	45.56	0.00	6.84	38.72	0.00
168596409826452	168596409826452005R	12510	64355	2024-02-01	3.1	GBP	2	538.00	437.54	75.32	25.14	0.00	118.00	0.00	16.52	101.48	0.00
168614836702586	168614836702586005R	45662	64355	2024-02-06	3.4	GBP	2	538.00	437.54	80.70	19.76	0.00	218.00	0.00	32.70	185.30	0.00
168759467235408	168759467235408005R	13510	64355	2024-02-06	3	GBP	2	538.00	437.54	80.70	19.76	0.00	228.76	0.00	34.32	194.44	0.00
168813295372225	168813295372225009R	14023	64355	2024-02-06	3.2	GBP	4	1076.00	875.08	139.88	61.04	0.00	457.52	0.00	59.48	398.04	0.00
168909136014113	168909136014113009R	13105	64355	2024-02-06	3	GBP	4	1076.00	875.08	161.40	39.52	0.00	457.52	0.00	68.64	388.88	0.00
169046032452014	169046032452014005R	35724	64355	2024-01-30	3	GBP	2	538.00	437.54	80.70	19.76	0.00	118.00	0.00	17.70	100.30	0.00
169046670554049	169046670554049005R	12510	64355	2024-02-07	3	GBP	2	538.00	437.54	75.32	25.14	0.00	218.00	0.00	30.52	187.48	0.00
169053995503621	169053995503621005R	46771	64355	2024-02-07	3	GBP	2	538.00	437.54	75.32	25.14	0.00	218.00	0.00	30.52	187.48	0.00
169089579761503	169089579761503009R	13716	64355	2024-02-07	5.1	GBP	2	558.00	437.54	83.70	36.76	0.00	218.00	0.00	32.70	185.30	0.00
169185025793670	169185025793670003R	14023	64355	2024-02-06	3.2	GBP	1	279.00	218.77	36.27	23.96	0.00	114.58	0.00	14.90	99.68	0.00
169185185947024	169185185947024005R	12359	64355	2024-02-06	4.2	ISK	2	558.00	474.30	83.70	0.00	0.00	218.00	0.00	218.00	0.00	0.00
169194393883294	169194393883294007R	13204	64355	2024-02-06	3.1	GBP	3	837.00	656.31	125.55	55.14	0.00	343.74	0.00	51.57	292.17	0.00
169220477708750	169220477708750005R	13724	64355	2024-02-07	3	GBP	2	558.00	437.54	83.70	36.76	0.00	218.00	0.00	32.70	185.30	0.00
169260941250705	169260941250705005R	13244	64355	2024-02-01	3.1	GBP	2	558.00	437.54	83.70	36.76	0.00	129.16	0.00	19.38	109.78	0.00
169591286968722	169591286968722005R	13011	64355	2024-01-30	3.2	GBP	2	558.00	437.54	83.70	36.76	0.00	131.16	0.00	19.68	111.48	0.00
169684466536174	169684466536174005R	13784	64355	2024-01-21	3.2	GBP	2	462.00	355.94	69.30	36.76	0.00	218.00	0.00	32.70	185.30	0.00
169839683279711	169839683279711005R	13174	64355	2024-01-30	3.1	GBP	2	558.00	437.54	83.70	36.76	0.00	129.16	0.00	19.38	109.78	0.00
169961772057838	169961772057838005R	13301	64355	2024-02-06	3	GBP	2	558.00	437.54	83.70	36.76	0.00	229.16	0.00	34.38	194.78	0.00
170372407143053	170372407143053005R	36064	64460	2024-01-08	3.4	GBP	2	242.24	210.28	43.20	34.52	0.00	45.76	0.00	6.86	38.90	0.00
170440408777618	170440408777618005R	38214	63586	2024-02-13	3.2	GBP	2	319.18	271.30	47.88	0.00	0.00	218.00	0.00	32.70	185.30	0.00
170464019528073	170464019528073005R	13476	64355	2024-01-28	3.1	GBP	1	279.00	218.77	41.85	18.38	0.00	175.34	0.00	26.30	149.04	0.00
170464019528073	170464019528073008R	13476	64355	2024-01-28	3.1	GBP	2	126.18	100.02	18.92	7.24	0.00	42.52	0.00	6.38	36.14	0.00
170532183947668	170532183947668011R	13196	48039	2024-02-07	1	GBP	5	413.80	289.65	62.05	62.10	0.00	0.00	0.00	0.00	0.00	0.00
170532183947668	170532183947668026R	13196	64355	2024-02-04	3	GBP	5	1395.00	1093.85	209.25	91.90	0.00	572.90	0.00	85.95	486.95	0.00
170600691669516	170600691669516001R	13015	48011	2024-02-17	1	GBP	2	123.84	88.46	18.58	16.80	0.00	0.00	0.00	0.00	0.00	0.00
170600691669516	170600691669516003R	13015	48011	2024-02-17	1	GBP	1	30.95	22.11	4.64	4.20	0.00	0.00	0.00	0.00	0.00	0.00
170600691669516	170600691669516004R	13015	48011	2024-02-17	1	GBP	1	0.00	0.00	0.00	0.00	0.00	0.00	0.00	0.00	0.00	0.00
170600691669516	170600691669516019R	13015	63586	2024-02-15	5.3	ISK	2	390.00	331.50	58.50	0.00	0.00	237.80	0.00	237.80	0.00	0.00
170600691669516	170600691669516023R	13015	63586	2024-02-15	5.3	ISK	2	96.86	82.34	14.52	0.00	0.00	0.00	0.00	0.00	0.00	0.00
170661008871189	170661008871189005R	13518	64355	2024-02-06	3	GBP	2	558.00	437.54	83.70	36.76	0.00	229.16	0.00	34.38	194.78	0.00
168268881856827	168268881856827005R	13035	64355	2024-02-07	3.1	GBP	2	538.00	437.54	80.70	19.76	0.00	228.74	0.00	34.32	194.42	0.00
168302149858600	168302149858600005R	13035	64355	2024-02-07	3	GBP	2	538.00	437.54	80.70	19.76	0.00	228.76	0.00	34.32	194.44	0.00
168302181259822	168302181259822005R	13035	64355	2024-02-07	3	GBP	2	538.00	437.54	80.70	19.76	0.00	228.76	0.00	34.32	194.44	0.00
168302216344062	168302216344062005R	13035	64355	2024-02-07	3	GBP	2	538.00	437.54	80.70	19.76	0.00	228.76	0.00	34.32	194.44	0.00
168302283861244	168302283861244005R	13035	64355	2024-02-07	3	GBP	2	538.00	437.54	80.70	19.76	0.00	228.76	0.00	34.32	194.44	0.00
168302306843563	168302306843563005R	13035	64355	2024-02-07	3	GBP	2	538.00	437.54	80.70	19.76	0.00	228.76	0.00	34.32	194.44	0.00
168372896497165	168372896497165006R	35738	64355	2024-02-09	3	GBP	2	538.00	437.54	80.70	19.76	0.00	218.00	0.00	32.70	185.30	0.00
168372896497165	168372896497165009R	35738	64355	2024-02-09	3	GBP	1	65.00	52.57	9.75	2.68	0.00	0.00	0.00	0.00	0.00	0.00
168414986164057	168414986164057005R	13589	64355	2024-02-09	3	GBP	2	538.00	437.54	80.70	19.76	0.00	228.76	0.00	34.32	194.44	0.00
168448491795275	168448491795275005R	13293	64355	2024-02-09	3	GBP	2	538.00	437.54	80.70	19.76	0.00	228.76	0.00	34.32	194.44	0.00
168518602315305	168518602315305005R	36060	64355	2024-02-08	3	GBP	2	538.00	437.54	80.70	19.76	0.00	228.76	0.00	34.32	194.44	0.00
168545356115905	168545356115905005R	13507	64355	2024-02-08	3	GBP	2	538.00	437.54	80.70	19.76	0.00	228.76	0.00	34.32	194.44	0.00
168605409476077	168605409476077005R	13285	64355	2024-02-09	3.1	GBP	2	538.00	437.54	80.70	19.76	0.00	228.76	0.00	34.32	194.44	0.00
168760330377524	168760330377524005R	13301	64355	2024-02-07	3	GBP	2	538.00	437.54	80.70	19.76	0.00	228.76	0.00	34.32	194.44	0.00
168968763509294	168968763509294005R	13453	64355	2024-02-08	3	GBP	2	538.00	437.54	80.70	19.76	0.00	228.76	0.00	34.32	194.44	0.00
169045983937255	169045983937255009R	13246	64355	2024-02-08	3	GBP	4	1076.00	875.08	161.40	39.52	0.00	457.52	0.00	68.64	388.88	0.00
169081663017107	169081663017107009R	35734	64355	2024-02-10	3	GBP	4	1076.00	875.08	161.40	39.52	0.00	436.00	0.00	65.40	370.60	0.00
169304605087233	169304605087233010R	14156	64355	2024-02-09	3	GBP	4	1116.00	832.48	200.88	82.64	0.00	436.00	0.00	78.48	357.52	0.00
169304605087233	169304605087233015R	14156	64355	2024-02-09	3	GBP	1	69.00	50.01	12.42	6.57	0.00	0.00	0.00	0.00	0.00	0.00
169598847878609	169598847878609009R	13344	64355	2024-02-09	3	GBP	4	1116.00	875.08	167.40	73.52	0.00	458.32	0.00	68.76	389.56	0.00
169624218346454	169624218346454005R	13035	64355	2024-02-08	3	GBP	2	558.00	437.54	83.70	36.76	0.00	229.16	0.00	34.38	194.78	0.00
169668337685392	169668337685392005R	12922	64355	2024-02-07	3	GBP	2	558.00	437.54	83.70	36.76	0.00	229.16	0.00	34.38	194.78	0.00
169744930202929	169744930202929007R	13687	64355	2024-02-09	3	GBP	3	837.00	656.31	125.55	55.14	0.00	327.00	0.00	49.05	277.95	0.00
169805815192705	169805815192705005R	35724	64355	2024-02-09	3	GBP	2	558.00	437.54	83.70	36.76	0.00	218.00	0.00	32.70	185.30	0.00
169901705023360	169901705023360007R	13653	64355	2024-02-09	3	GBP	3	837.00	656.31	125.55	55.14	0.00	343.74	0.00	51.57	292.17	0.00
170153346592425	170153346592425005R	12498	64355	2024-02-09	3	GBP	2	558.00	437.54	78.12	42.34	0.00	218.00	0.00	30.52	187.48	0.00
170368103611052	170368103611052005R	41669	64355	2024-02-07	3	GBP	2	558.00	437.54	78.12	42.34	0.00	218.00	0.00	30.52	187.48	0.00
170386637474267	170386637474267005R	13126	64355	2024-02-09	3	GBP	2	558.00	437.54	83.70	36.76	0.00	229.16	0.00	34.38	194.78	0.00
170392955657354	170392955657354005R	35754	64355	2024-02-10	3	GBP	2	558.00	437.54	83.70	36.76	0.00	218.00	0.00	32.70	185.30	0.00
170506486898499	170506486898499022R	12381	64355	2024-02-10	5	GBP	3	837.00	656.31	117.18	63.51	0.00	327.00	0.00	45.78	281.22	0.00
170506486898499	170506486898499028R	12381	64355	2024-02-10	5	GBP	3	207.00	157.71	28.98	20.31	0.00	0.00	0.00	0.00	0.00	0.00
170609753991850	170609753991850005R	13724	64355	2024-02-09	3	GBP	2	558.00	437.54	83.70	36.76	0.00	218.00	0.00	32.70	185.30	0.00
170689326738828	170689326738828005R	13724	64355	2024-02-07	3	GBP	2	558.00	437.54	83.70	36.76	0.00	218.00	0.00	32.70	185.30	0.00
168302355980770	168302355980770007R	13035	64355	2024-02-10	3	GBP	3	807.00	656.31	121.05	29.64	0.00	343.14	0.00	51.48	291.66	0.00
168422857805379	168422857805379005R	13462	64355	2024-02-12	3	GBP	2	538.00	437.54	80.70	19.76	0.00	228.76	0.00	34.32	194.44	0.00
168424485496147	168424485496147008R	13898	64355	2024-02-11	3	GBP	3	807.00	656.31	80.70	69.99	0.00	359.28	0.00	35.94	323.34	0.00
168424485496147	168424485496147012R	13898	64355	2024-02-11	3	GBP	1	65.00	52.57	6.50	5.93	0.00	2.60	0.00	0.26	2.34	0.00
168439445295945	168439445295945009R	12990	64355	2024-02-11	3	GBP	4	1076.00	875.08	161.40	39.52	0.00	457.52	0.00	68.64	388.88	0.00
168439490692922	168439490692922018R	12990	64355	2024-02-11	3	GBP	8	2152.00	1750.16	322.80	79.04	0.00	915.04	0.00	137.28	777.76	0.00
168439490692922	168439490692922027R	12990	64355	2024-02-11	3	GBP	1	65.00	50.01	9.75	5.24	0.00	1.30	0.00	0.20	1.11	0.00
168495209228531	168495209228531008R	13293	64355	2024-02-12	3	GBP	3	807.00	656.31	121.05	29.64	0.00	343.14	0.00	51.48	291.66	0.00
168495209228531	168495209228531012R	13293	64355	2024-02-12	3	GBP	1	65.00	50.01	9.75	5.24	0.00	1.30	0.00	0.20	1.11	0.00
168562794593255	168562794593255011R	13035	64355	2024-02-12	3	GBP	5	1345.00	1093.85	201.75	49.40	0.00	571.90	0.00	85.80	486.10	0.00
168562921230735	168562921230735005R	13716	64355	2024-02-13	3	GBP	2	538.00	437.54	80.70	19.76	0.00	218.00	0.00	32.70	185.30	0.00
168570460715147	168570460715147009R	35814	64355	2024-02-11	3	GBP	4	1076.00	875.08	161.40	39.52	0.00	457.52	0.00	68.64	388.88	0.00
168693847688134	168693847688134008R	13036	64355	2024-02-11	3	GBP	3	807.00	656.31	121.05	29.64	0.00	343.14	0.00	51.48	291.66	0.00
168693847688134	168693847688134012R	13036	64355	2024-02-11	3	GBP	1	65.00	50.01	9.75	5.24	0.00	1.30	0.00	0.20	1.11	0.00
168751875537422	168751875537422006R	13114	64355	2024-02-13	3	GBP	2	538.00	437.54	80.70	19.76	0.00	228.76	0.00	34.32	194.44	0.00
168751875537422	168751875537422009R	13114	64355	2024-02-13	3	GBP	1	65.00	50.01	9.75	5.24	0.00	1.30	0.00	0.20	1.11	0.00
168788212226233	168788212226233009R	13036	64355	2024-02-10	3	GBP	4	1076.00	875.08	161.40	39.52	0.00	457.52	0.00	68.64	388.88	0.00
168812243738015	168812243738015007R	13452	64355	2024-02-11	3	GBP	2	538.00	437.54	80.70	19.76	0.00	228.76	0.00	34.32	194.44	0.00
168812243738015	168812243738015011R	13452	64355	2024-02-11	3	GBP	2	130.00	100.02	19.50	10.48	0.00	2.60	0.00	0.40	2.22	0.00
168812289293912	168812289293912009R	13452	64355	2024-02-11	3	GBP	4	1076.00	875.08	161.40	39.52	0.00	457.52	0.00	68.64	388.88	0.00
169081093077259	169081093077259007R	14134	64355	2024-02-11	3	GBP	2	538.00	437.54	80.70	19.76	0.00	218.00	0.00	32.70	185.30	0.00
169081093077259	169081093077259011R	14134	64355	2024-02-11	3	GBP	2	130.00	105.14	19.50	5.36	0.00	0.00	0.00	0.00	0.00	0.00
169115934866069	169115934866069005R	37124	64355	2024-02-12	3	GBP	2	558.00	437.54	72.54	47.92	0.00	229.16	0.00	29.80	199.36	0.00
169141467368634	169141467368634009R	13080	64355	2024-02-11	3	GBP	4	1116.00	875.08	167.40	73.52	0.00	458.32	0.00	68.76	389.56	0.00
169148489929986	169148489929986007R	35722	64355	2024-02-12	3	GBP	3	837.00	656.31	125.55	55.14	0.00	327.00	0.00	49.05	277.95	0.00
169166225079886	169166225079886014R	13033	64355	2024-02-13	3	GBP	6	1674.00	1312.62	251.10	110.28	0.00	687.48	0.00	103.14	584.34	0.00
169166225079886	169166225079886021R	13033	64355	2024-02-13	3	GBP	1	69.00	50.01	10.35	8.64	0.00	1.38	0.00	0.21	1.17	0.00
169236438353906	169236438353906005R	12589	64355	2024-02-11	3	GBP	2	558.00	437.54	78.12	42.34	0.00	218.00	0.00	30.52	187.48	0.00
169280417854457	169280417854457001R	12687	46949	2024-02-14	1	GBP	5	462.50	323.75	64.75	74.00	0.00	0.00	0.00	0.00	0.00	0.00
169280417854457	169280417854457016R	12687	64355	2024-02-11	3	GBP	5	1395.00	1093.85	195.30	105.85	0.00	545.00	0.00	76.30	468.70	0.00
169599528359194	169599528359194009R	12428	64355	2024-02-11	3	GBP	4	1116.00	875.08	156.24	84.68	0.00	436.00	0.00	61.04	374.96	0.00
169833177227794	169833177227794008R	13076	64355	2024-02-11	3	GBP	3	837.00	656.31	125.55	55.14	0.00	343.74	0.00	51.57	292.17	0.00
169833177227794	169833177227794012R	13076	64355	2024-02-11	3	GBP	1	69.00	50.01	10.35	8.64	0.00	1.38	0.00	0.21	1.17	0.00
170126578366161	170126578366161009R	12597	64355	2024-02-13	3	GBP	4	1116.00	875.08	156.24	84.68	0.00	436.00	0.00	61.04	374.96	0.00
170237699100103	170237699100103009R	13462	64355	2024-02-11	3	GBP	4	1116.00	875.08	167.40	73.52	0.00	458.32	0.00	68.76	389.56	0.00
170436263726659	170436263726659007R	13011	64355	2024-02-10	3	GBP	2	558.00	437.54	83.70	36.76	0.00	229.16	0.00	34.38	194.78	0.00
170436263726659	170436263726659011R	13011	64355	2024-02-10	3	GBP	2	126.18	100.02	18.92	7.24	0.00	0.02	0.00	0.00	0.02	0.00
170644610243259	170644610243259003R	13203	64355	2024-02-11	3	GBP	1	279.00	218.77	41.85	18.38	0.00	114.58	0.00	17.19	97.39	0.00
170697215930637	170697215930637005R	13105	64355	2024-02-12	3	GBP	2	558.00	437.54	83.70	36.76	0.00	229.16	0.00	34.38	194.78	0.00
170697348043694	170697348043694003R	13105	64355	2024-02-12	3	GBP	1	279.00	218.77	41.85	18.38	0.00	114.58	0.00	17.19	97.39	0.00
170713037335123	170713037335123005R	13170	64355	2024-02-11	3	GBP	2	558.00	437.54	83.70	36.76	0.00	229.16	0.00	34.38	194.78	0.00
168278189534537	168278189534537005R	13458	64355	2024-03-15	3.1	GBP	2	538.00	437.54	80.70	19.76	0.00	228.76	0.00	34.32	194.44	0.00
168294650056537	168294650056537005R	12482	64355	2024-03-01	3	GBP	2	538.00	437.54	75.32	25.14	0.00	218.00	0.00	30.52	187.48	0.00
168310691004363	168310691004363005R	12482	64355	2024-03-01	3	GBP	2	538.00	437.54	75.32	25.14	0.00	218.00	0.00	30.52	187.48	0.00
168310912520206	168310912520206005R	12482	64355	2024-03-01	3	GBP	2	538.00	437.54	75.32	25.14	0.00	218.00	0.00	30.52	187.48	0.00
168312131373525	168312131373525005R	13036	64355	2024-03-15	3.2	GBP	2	538.00	437.54	80.70	19.76	0.00	268.76	0.00	40.32	228.44	0.00
168328910880543	168328910880543009R	13521	64355	2024-03-01	3	GBP	4	1076.00	875.08	161.40	39.52	0.00	457.52	0.00	68.64	388.88	0.00
168354115259462	168354115259462005R	12482	64355	2024-03-01	3	GBP	2	538.00	437.54	75.32	25.14	0.00	218.00	0.00	30.52	187.48	0.00
168572287196452	168572287196452005R	13933	64355	2024-03-02	3.3	GBP	2	538.00	437.54	80.70	19.76	0.00	258.00	0.00	38.70	219.30	0.00
168665177092016	168665177092016009R	13044	64355	2024-03-15	5.1	GBP	2	538.00	437.54	80.70	19.76	0.00	268.76	0.00	40.32	228.44	0.00
168727613021825	168727613021825005R	13329	64355	2024-03-01	3.1	GBP	2	538.00	437.54	80.70	19.76	0.00	228.76	0.00	34.32	194.44	0.00
168779117552336	168779117552336007R	13655	64355	2024-02-13	3	GBP	3	807.00	656.31	121.05	29.64	0.00	343.14	0.00	51.48	291.66	0.00
168872187718365	168872187718365008R	35856	64355	2024-02-24	3.1	GBP	3	807.00	656.31	121.05	29.64	0.00	343.14	0.00	51.48	291.66	0.00
168872187718365	168872187718365012R	35856	64355	2024-02-24	3.1	GBP	1	65.00	50.01	9.75	5.24	0.00	1.30	-0.01	0.20	1.11	0.00
168916237622363	168916237622363005R	12482	64355	2024-03-01	3	GBP	2	538.00	437.54	75.32	25.14	0.00	218.00	0.00	30.52	187.48	0.00
169081587098611	169081587098611005R	13510	64355	2024-03-15	3.2	GBP	2	538.00	437.54	80.70	19.76	0.00	268.76	0.00	40.32	228.44	0.00
169237297971010	169237297971010005R	12500	64355	2024-03-01	3	GBP	2	558.00	437.54	78.12	42.34	0.00	218.00	0.00	30.52	187.48	0.00
169348765062647	169348765062647005R	35968	64355	2024-03-01	3.1	GBP	2	558.00	437.54	83.70	36.76	0.00	229.16	0.00	34.38	194.78	0.00
169401014699369	169401014699369003R	13035	46949	2024-03-04	1	GBP	2	181.30	129.50	27.20	24.60	0.00	0.00	0.00	0.00	0.00	0.00
169401014699369	169401014699369007R	13035	64355	2024-03-01	3.2	GBP	2	558.00	437.54	83.70	36.76	0.00	229.16	0.00	34.38	194.78	0.00
169425900369773	169425900369773005R	13466	64355	2024-02-13	3	GBP	2	558.00	437.54	83.70	36.76	0.00	229.16	0.00	34.38	194.78	0.00
169539844481350	169539844481350009R	13398	64355	2024-03-02	5.4	GBP	2	558.00	437.54	83.70	36.76	0.00	269.16	0.00	40.38	228.78	0.00
169606418364958	169606418364958009R	13229	64355	2024-03-15	5.4	GBP	2	558.00	437.54	83.70	36.76	0.00	269.16	0.00	40.38	228.78	0.00
169790162699495	169790162699495005R	13290	64355	2024-03-15	3.2	ISK	2	558.00	474.30	83.70	0.00	0.00	269.16	0.00	269.16	0.00	0.00
169885266253798	169885266253798005R	13418	64355	2024-03-01	3	GBP	2	558.00	437.54	83.70	36.76	0.00	229.16	0.00	34.38	194.78	0.00
169909882871354	169909882871354005R	13425	64355	2024-02-13	3	GBP	2	558.00	437.54	83.70	36.76	0.00	229.16	0.00	34.38	194.78	0.00
169945286664348	169945286664348005R	13035	64355	2024-02-13	3	GBP	2	558.00	437.54	83.70	36.76	0.00	229.16	0.00	34.38	194.78	0.00
169954533322879	169954533322879005R	14134	64355	2024-03-01	3	GBP	2	558.00	437.54	83.70	36.76	0.00	301.70	0.00	45.26	256.44	0.00
170065056799679	170065056799679005R	13328	64355	2024-03-01	3	GBP	2	558.00	437.54	83.70	36.76	0.00	229.16	0.00	34.38	194.78	0.00
170317519335366	170317519335366015R	13589	64355	2024-02-13	4	GBP	2	558.00	437.54	83.70	36.76	0.00	229.16	0.00	34.38	194.78	0.00
170317519335366	170317519335366019R	13589	64355	2024-02-13	4	GBP	2	126.18	100.02	18.92	7.24	0.00	0.02	0.00	0.00	0.02	0.00
170436718075189	170436718075189005R	13104	64355	2024-03-15	3.1	GBP	2	558.00	437.54	83.70	36.76	0.00	269.16	0.00	40.38	228.78	0.00
170541092254014	170541092254014005R	12990	64460	2024-02-01	3.1	GBP	2	288.00	210.28	43.20	34.52	0.00	123.76	0.00	18.56	105.20	0.00
170662154266811	170662154266811005R	13456	64355	2024-02-13	3	GBP	2	558.00	437.54	83.70	36.76	0.00	229.16	0.00	34.38	194.78	0.00
168277999488069	168277999488069009R	13293	64355	2024-03-17	5.2	GBP	2	538.00	437.54	80.70	19.76	0.00	268.76	0.00	40.32	228.44	0.00
168321532684477	168321532684477009R	14134	64355	2024-03-18	6.5	GBP	2	538.00	437.54	96.84	3.62	0.00	258.00	0.00	46.44	211.56	0.00
168354177570236	168354177570236009R	13209	64355	2024-03-16	5.1	ISK	2	538.00	457.30	80.70	0.00	0.00	268.76	0.00	268.76	0.00	0.00
168371889682501	168371889682501009R	13724	64355	2024-03-16	5.4	GBP	2	538.00	437.54	80.70	19.76	0.00	258.00	0.00	38.70	219.30	0.00
168476861874288	168476861874288009R	13135	64355	2024-03-16	3	GBP	4	1076.00	875.08	161.40	39.52	0.00	457.52	0.00	68.64	388.88	0.00
168477112556943	168477112556943005R	13335	64355	2024-03-17	3.2	GBP	2	538.00	437.54	80.70	19.76	0.00	268.76	0.00	40.32	228.44	0.00
168690756622359	168690756622359005R	35732	64355	2024-03-16	3	GBP	2	538.00	437.54	80.70	19.76	0.00	218.00	0.00	32.70	185.30	0.00
168855389405420	168855389405420005R	13653	64355	2024-03-17	3.2	GBP	2	538.00	437.54	80.70	19.76	0.00	268.76	0.00	40.32	228.44	0.00
168890628726606	168890628726606005R	13453	64355	2024-03-17	3.2	GBP	2	538.00	437.54	80.70	19.76	0.00	268.76	0.00	40.32	228.44	0.00
169062515207439	169062515207439009R	35724	64355	2024-03-18	3	GBP	4	1076.00	875.08	161.40	39.52	0.00	436.00	0.00	65.40	370.60	0.00
169114176665582	169114176665582005R	12400	64355	2024-03-16	3	GBP	2	558.00	431.96	83.70	42.34	0.00	218.00	0.00	30.52	187.48	0.00
169289102350202	169289102350202009R	13285	64355	2024-03-18	5.1	GBP	2	558.00	437.54	83.70	36.76	0.00	229.16	0.00	34.38	194.78	0.00
169349125380388	169349125380388009R	13461	64355	2024-03-17	3.4	ISK	4	1116.00	948.60	167.40	0.00	0.00	538.32	0.00	538.32	0.00	0.00
169541441382253	169541441382253005R	13724	64355	2024-03-16	3.2	GBP	2	558.00	437.54	83.70	36.76	0.00	258.00	0.00	38.70	219.30	0.00
169641460413274	169641460413274003R	13372	64355	2024-03-17	3.2	GBP	1	279.00	218.77	41.85	18.38	0.00	134.58	0.00	20.19	114.39	0.00
169746958177863	169746958177863005R	13209	64355	2024-03-17	3.2	ISK	2	558.00	474.30	83.70	0.00	0.00	269.16	0.00	269.16	0.00	0.00
169929325801853	169929325801853009R	13293	64355	2024-03-16	5.4	GBP	2	558.00	437.54	83.70	36.76	0.00	269.16	0.00	40.38	228.78	0.00
169988386359790	169988386359790009R	12510	64355	2024-03-17	5.4	ISK	2	558.00	474.30	83.70	0.00	0.00	258.00	0.00	258.00	0.00	0.00
170004364680793	170004364680793009R	13059	64355	2024-03-17	3	GBP	4	1116.00	875.08	167.40	73.52	0.00	458.32	0.00	68.76	389.56	0.00
170023544251171	170023544251171005R	13035	64355	2024-03-18	3	GBP	2	558.00	437.54	83.70	36.76	0.00	229.16	0.00	34.38	194.78	0.00
170125676409944	170125676409944013R	13356	64355	2024-03-17	5.2	GBP	3	837.00	656.31	125.55	55.14	0.00	403.74	0.00	60.57	343.17	0.00
170290492696415	170290492696415005R	13246	64355	2024-03-17	3.1	GBP	2	558.00	437.54	83.70	36.76	0.00	269.16	0.00	40.38	228.78	0.00
170307237417000	170307237417000005R	13135	64355	2024-03-16	3.2	GBP	2	558.00	437.54	83.70	36.76	0.00	269.16	0.00	40.38	228.78	0.00
170307822913479	170307822913479009R	13522	64355	2024-03-18	5.5	ISK	2	558.00	474.30	83.70	0.00	0.00	269.16	0.00	269.16	0.00	0.00
170455690148234	170455690148234005R	13108	64355	2024-03-17	3.1	GBP	2	558.00	437.54	83.70	36.76	0.00	269.16	0.00	40.38	228.78	0.00
170531322846551	170531322846551009R	13246	64355	2024-03-17	5.3	GBP	2	558.00	437.54	83.70	36.76	0.00	269.16	0.00	40.38	228.78	0.00
170611862739977	170611862739977009R	13956	64355	2024-03-16	5.3	GBP	2	558.00	437.54	72.54	47.92	0.00	269.16	0.00	35.00	234.16	0.00
170645273475634	170645273475634001R	13135	48039	2024-03-20	1.1	GBP	3	248.28	173.79	37.23	37.26	0.00	0.00	0.00	0.00	0.00	0.00
170645273475634	170645273475634010R	13135	64355	2024-03-17	3.1	GBP	3	837.00	656.31	125.55	55.14	0.00	403.74	0.00	60.57	343.17	0.00
170680561768693	170680561768693005R	13458	64355	2024-03-18	3.1	GBP	2	558.00	437.54	83.70	36.76	0.00	269.16	0.00	40.38	228.78	0.00
170859658602245	170859658602245005R	38214	64355	2024-03-16	3	GBP	2	558.00	437.54	83.70	36.76	0.00	218.00	0.00	32.70	185.30	0.00
168277364575892	168277364575892005R	13484	64355	2024-03-19	3	GBP	2	538.00	437.54	80.70	19.76	0.00	228.76	0.00	34.32	194.44	0.00
168286897805335	168286897805335003R	13036	64355	2024-03-18	3	GBP	1	269.00	218.77	40.35	9.88	0.00	114.38	0.00	17.16	97.22	0.00
168304474153172	168304474153172006R	13036	64355	2024-03-20	3	GBP	2	538.00	437.54	80.70	19.76	0.00	228.76	0.00	34.32	194.44	0.00
168304474153172	168304474153172009R	13036	64355	2024-03-20	3	GBP	1	65.00	50.01	9.75	5.24	0.00	1.30	0.00	0.20	1.11	0.00
168312802342226	168312802342226009R	13036	64355	2024-03-18	5.3	GBP	2	538.00	437.54	80.70	19.76	0.00	268.76	0.00	40.32	228.44	0.00
168319454973110	168319454973110009R	13204	64355	2024-03-18	3.1	GBP	4	1076.00	875.08	161.40	39.52	0.00	537.52	0.00	80.64	456.88	0.00
168327562951318	168327562951318005R	13533	64355	2024-03-18	3	GBP	2	538.00	437.54	80.70	19.76	0.00	228.76	0.00	34.32	194.44	0.00
168328542841698	168328542841698005R	13153	64355	2024-03-18	3	GBP	2	538.00	437.54	80.70	19.76	0.00	268.76	0.00	40.32	228.44	0.00
168347012636657	168347012636657005R	13035	64355	2024-03-19	3	GBP	2	538.00	437.54	80.70	19.76	0.00	228.76	0.00	34.32	194.44	0.00
168355137442404	168355137442404009R	13198	64355	2024-03-18	5.1	GBP	2	538.00	457.30	80.70	0.00	0.00	268.76	0.00	43.00	225.76	0.00
168371730343748	168371730343748009R	14134	64355	2024-03-19	6.1	GBP	2	538.00	437.54	80.70	19.76	0.00	258.00	0.00	38.70	219.30	0.00
168373413539344	168373413539344007R	35968	64355	2024-03-18	3.1	GBP	3	807.00	656.31	121.05	29.64	0.00	343.14	0.00	51.48	291.66	0.00
168381862637597	168381862637597005R	13036	64355	2024-03-18	3.1	GBP	2	538.00	437.54	80.70	19.76	0.00	268.76	0.00	40.32	228.44	0.00
168382478067712	168382478067712005R	13035	64355	2024-03-18	3	GBP	2	538.00	437.54	80.70	19.76	0.00	228.76	0.00	34.32	194.44	0.00
168400886560496	168400886560496009R	12990	64355	2024-03-19	5.1	ISK	2	538.00	457.30	80.70	0.00	0.00	268.76	0.00	268.76	0.00	0.00
168425038244589	168425038244589017R	13397	64355	2024-03-19	3	GBP	8	2152.00	1750.16	322.80	79.04	0.00	915.04	0.00	137.28	777.76	0.00
168485563276555	168485563276555003R	13397	64355	2024-03-19	3	GBP	1	269.00	218.77	40.35	9.88	0.00	114.38	0.00	17.16	97.22	0.00
168718701147284	168718701147284009R	13204	64355	2024-03-18	5.2	GBP	2	538.00	437.54	80.70	19.76	0.00	268.76	0.00	40.32	228.44	0.00
168753587509413	168753587509413009R	13118	64355	2024-03-18	5.4	GBP	2	538.00	437.54	80.70	19.76	0.00	268.76	0.00	40.32	228.44	0.00
168778021504415	168778021504415009R	13118	64355	2024-03-18	5.4	GBP	2	538.00	437.54	80.70	19.76	0.00	268.76	0.00	40.32	228.44	0.00
168820496475948	168820496475948009R	13097	64355	2024-03-19	5.2	ISK	2	538.00	457.30	80.70	0.00	0.00	268.76	0.00	268.76	0.00	0.00
168951154277767	168951154277767005R	13446	64355	2024-03-19	3	GBP	2	538.00	437.54	80.70	19.76	0.00	228.76	0.00	34.32	194.44	0.00
169528640013231	169528640013231005R	13275	64355	2024-03-18	3.1	GBP	2	558.00	437.54	83.70	36.76	0.00	229.16	0.00	34.38	194.78	0.00
169841753039939	169841753039939009R	13178	64355	2024-03-19	5.3	ISK	2	558.00	474.30	83.70	0.00	0.00	269.16	0.00	269.16	0.00	0.00
169910512288422	169910512288422005R	13655	64355	2024-03-19	3	GBP	2	558.00	437.54	83.70	36.76	0.00	229.16	0.00	34.38	194.78	0.00
170066269101366	170066269101366009R	13427	64355	2024-03-19	5.4	ISK	2	558.00	474.30	83.70	0.00	0.00	269.16	0.00	269.16	0.00	0.00
170300716286707	170300716286707005R	13397	64355	2024-03-19	3	GBP	2	558.00	437.54	83.70	36.76	0.00	229.16	0.00	34.38	194.78	0.00
170428279512867	170428279512867009R	12990	64355	2024-03-19	3.1	GBP	4	1116.00	875.08	167.40	73.52	0.00	458.32	0.00	68.76	389.56	0.00
170680299145206	170680299145206009R	12510	64355	2024-03-19	5.1	GBP	2	558.00	431.96	83.70	42.34	0.00	258.00	0.00	36.12	221.88	0.00
170712867077721	170712867077721005R	12633	64355	2024-03-20	3.1	GBP	2	558.00	431.96	83.70	42.34	0.00	218.00	0.00	30.52	187.48	0.00
170903875273671	170903875273671005R	13557	64355	2024-03-19	3	GBP	2	558.00	437.54	83.70	36.76	0.00	229.16	0.00	34.38	194.78	0.00
168302359532246	168302359532246005R	13035	64355	2024-03-20	3	GBP	2	538.00	437.54	80.70	19.76	0.00	228.76	0.00	34.32	194.44	0.00
168302381290091	168302381290091005R	13035	64355	2024-03-20	3	GBP	2	538.00	437.54	80.70	19.76	0.00	228.76	0.00	34.32	194.44	0.00
168329694130612	168329694130612005R	13170	64355	2024-03-23	3.1	GBP	2	538.00	437.54	80.70	19.76	0.00	228.76	0.00	34.32	194.44	0.00
168329951623559	168329951623559007R	13397	64355	2024-03-20	3	GBP	3	807.00	656.31	121.05	29.64	0.00	343.14	0.00	51.48	291.66	0.00
168416009514264	168416009514264005R	12822	64355	2024-03-20	3	GBP	2	538.00	426.78	80.70	30.52	0.00	228.76	0.00	29.74	199.02	0.00
168423230772926	168423230772926005R	13341	64355	2024-03-20	3.2	GBP	2	538.00	437.54	80.70	19.76	0.00	228.76	0.00	34.32	194.44	0.00
168440027567523	168440027567523005R	13588	64355	2024-03-21	3	GBP	2	538.00	437.54	80.70	19.76	0.00	228.76	0.00	34.32	194.44	0.00
168500105210593	168500105210593005R	35972	64355	2024-03-21	3.2	GBP	2	538.00	437.54	80.70	19.76	0.00	228.76	0.00	34.32	194.44	0.00
168500667217921	168500667217921003R	13036	64355	2024-03-21	3	GBP	1	269.00	218.77	40.35	9.88	0.00	114.38	0.00	17.16	97.22	0.00
168502062059425	168502062059425005R	13036	64355	2024-03-21	3	GBP	2	538.00	437.54	80.70	19.76	0.00	228.76	0.00	34.32	194.44	0.00
168510693039908	168510693039908005R	13459	64355	2024-03-23	3.1	GBP	2	538.00	437.54	80.70	19.76	0.00	228.76	0.00	34.32	194.44	0.00
168527228361359	168527228361359005R	13094	64355	2024-03-23	3	GBP	2	538.00	437.54	80.70	19.76	0.00	228.76	0.00	34.32	194.44	0.00
168615040652931	168615040652931005R	12630	64355	2024-03-24	3	GBP	2	538.00	432.16	80.70	25.14	0.00	218.00	0.00	30.52	187.48	0.00
168657098598700	168657098598700005R	13059	64355	2024-03-23	3	GBP	2	538.00	437.54	80.70	19.76	0.00	228.76	0.00	34.32	194.44	0.00
168681958465586	168681958465586005R	13080	64355	2024-03-21	3	GBP	2	538.00	437.54	80.70	19.76	0.00	228.76	0.00	34.32	194.44	0.00
168726136602480	168726136602480007R	13239	64355	2024-03-21	3.2	GBP	3	807.00	656.31	121.05	29.64	0.00	343.14	0.00	51.48	291.66	0.00
168976731434547	168976731434547005R	13035	64355	2024-03-22	3	GBP	2	538.00	437.54	80.70	19.76	0.00	228.76	0.00	34.32	194.44	0.00
169002870389329	169002870389329005R	13625	64355	2024-03-21	3	GBP	2	538.00	437.54	80.70	19.76	0.00	228.76	0.00	34.32	194.44	0.00
169226905816231	169226905816231009R	13209	64355	2024-03-21	3	ISK	2	558.00	474.30	83.70	0.00	0.00	229.16	0.00	229.16	0.00	0.00
169296002197041	169296002197041005R	35688	64355	2024-03-21	3	GBP	2	558.00	437.54	83.70	36.76	0.00	218.00	0.00	32.70	185.30	0.00
169727977868181	169727977868181005R	13345	64355	2024-03-21	3	GBP	2	558.00	437.54	83.70	36.76	0.00	229.16	0.00	34.38	194.78	0.00
169762313202542	169762313202542007R	13502	64355	2024-03-21	3	GBP	3	837.00	656.31	125.55	55.14	0.00	343.74	0.00	51.57	292.17	0.00
169945511064403	169945511064403005R	12381	64355	2024-03-23	3	GBP	2	558.00	431.96	83.70	42.34	0.00	218.00	0.00	30.52	187.48	0.00
170472729071989	170472729071989009R	12466	64355	2024-03-20	3	GBP	4	1116.00	863.92	167.40	84.68	0.00	436.00	0.00	61.04	374.96	0.00
170653249758327	170653249758327005R	13191	64355	2024-03-21	3.2	GBP	2	558.00	437.54	83.70	36.76	0.00	229.16	0.00	34.38	194.78	0.00
170696612169769	170696612169769005R	12633	64355	2024-03-20	3.1	GBP	2	558.00	431.96	83.70	42.34	0.00	218.00	0.00	30.52	187.48	0.00
170714703330838	170714703330838005R	13724	64355	2024-03-22	3	GBP	2	558.00	437.54	83.70	36.76	0.00	218.00	0.00	32.70	185.30	0.00
170816343598270	170816343598270005R	13488	64355	2024-03-20	3	GBP	2	558.00	437.54	83.70	36.76	0.00	229.16	0.00	34.38	194.78	0.00
170836667222442	170836667222442005R	13724	64355	2024-03-20	3	GBP	2	558.00	437.54	83.70	36.76	0.00	218.00	0.00	32.70	185.30	0.00
171016998273155	171016998273155005R	13136	64355	2024-03-23	3.1	GBP	2	558.00	437.54	83.70	36.76	0.00	229.16	0.00	34.38	194.78	0.00
168320285233708	168320285233708003R	14134	64460	2024-03-19	3.1	GBP	1	139.00	109.61	20.85	8.54	0.00	40.85	0.00	7.35	33.50	0.00
168381131295729	168381131295729005R	13484	64355	2024-03-24	3	GBP	2	538.00	437.54	80.70	19.76	0.00	228.76	0.00	34.32	194.44	0.00
168399413359267	168399413359267005R	13257	64355	2024-04-04	3.1	GBP	2	538.00	437.54	80.70	19.76	0.00	228.76	0.00	34.32	194.44	0.00
168511097192137	168511097192137005R	13036	64355	2024-03-31	3.2	ISK	2	538.00	457.30	80.70	0.00	0.00	228.76	0.00	228.76	0.00	0.00
168813654360522	168813654360522011R	13307	64355	2024-03-25	3	GBP	5	1345.00	1093.85	201.75	49.40	0.00	571.90	0.00	85.80	486.10	0.00
169002031072100	169002031072100005R	13104	64355	2024-03-24	3.2	GBP	2	538.00	437.54	80.70	19.76	0.00	228.76	0.00	34.32	194.44	0.00
169037497931606	169037497931606005R	13135	64355	2024-03-24	3	GBP	2	538.00	437.54	80.70	19.76	0.00	228.76	0.00	34.32	194.44	0.00
169364789723836	169364789723836005R	12589	64355	2024-03-25	3	GBP	2	558.00	431.96	83.70	42.34	0.00	218.00	0.00	30.52	187.48	0.00
169425353627477	169425353627477005R	13275	64355	2024-03-26	3.1	GBP	2	558.00	437.54	83.70	36.76	0.00	229.16	0.00	34.38	194.78	0.00
169450931210343	169450931210343007R	13933	64355	2024-03-30	3.1	GBP	2	558.00	437.54	83.70	36.76	0.00	218.00	0.00	32.70	185.30	0.00
169450931210343	169450931210343011R	13933	64355	2024-03-30	3.1	GBP	2	138.00	105.14	20.70	12.16	0.00	0.00	0.00	0.00	0.00	0.00
169461125486430	169461125486430005R	13306	64355	2024-04-04	3.1	GBP	2	558.00	437.54	83.70	36.76	0.00	229.16	0.00	34.38	194.78	0.00
169504657161944	169504657161944005R	35722	45576	2024-04-04	1	GBP	4	316.68	221.68	47.52	47.48	0.00	0.00	0.00	0.00	0.00	0.00
169504657161944	169504657161944013R	35722	64355	2024-04-01	3.2	GBP	4	1116.00	875.08	167.40	73.52	0.00	436.00	0.00	65.40	370.60	0.00
169591246584664	169591246584664005R	13138	64355	2024-03-26	3.2	GBP	2	558.00	437.54	83.70	36.76	0.00	229.16	0.00	34.38	194.78	0.00
169633869980047	169633869980047005R	13580	64355	2024-03-31	3.5	GBP	2	558.00	437.54	83.70	36.76	0.00	229.16	0.00	34.38	194.78	0.00
169754900339223	169754900339223005R	13257	64355	2024-03-30	3.1	GBP	2	558.00	437.54	83.70	36.76	0.00	229.16	0.00	34.38	194.78	0.00
169762866180547	169762866180547005R	13313	64355	2024-03-27	3.1	GBP	2	558.00	437.54	83.70	36.76	0.00	229.16	0.00	34.38	194.78	0.00
169943812447796	169943812447796007R	13415	64355	2024-03-24	3	GBP	3	837.00	656.31	125.55	55.14	0.00	343.74	0.00	51.57	292.17	0.00
169971622592812	169971622592812005R	13039	64355	2024-04-02	3.1	GBP	2	558.00	437.54	83.70	36.76	0.00	229.16	0.00	34.38	194.78	0.00
170248607206611	170248607206611008R	12400	64355	2024-03-25	3	GBP	3	837.00	656.31	117.18	63.51	0.00	327.00	0.00	45.78	281.22	0.00
170248607206611	170248607206611012R	12400	64355	2024-03-25	3	GBP	1	69.00	52.57	9.66	6.77	0.00	0.00	0.00	0.00	0.00	0.00
170394189249040	170394189249040005R	13575	64355	2024-03-24	3	GBP	2	558.00	437.54	83.70	36.76	0.00	229.16	0.00	34.38	194.78	0.00
170394371851904	170394371851904009R	12381	64355	2024-03-25	3	GBP	4	1116.00	863.92	167.40	84.68	0.00	436.00	0.00	61.04	374.96	0.00
170448533009342	170448533009342009R	13515	64355	2024-04-04	3.1	GBP	4	1116.00	886.24	167.40	62.36	0.00	458.32	0.00	73.32	385.00	0.00
170453439536826	170453439536826007R	13653	64460	2024-03-17	3.4	ISK	3	432.00	367.20	64.80	0.00	0.00	68.64	0.00	68.64	0.00	0.00
170454347714858	170454347714858006R	13356	64355	2024-04-04	3.1	GBP	2	558.00	437.54	83.70	36.76	0.00	229.16	0.00	34.38	194.78	0.00
170454347714858	170454347714858009R	13356	64355	2024-04-04	3.1	GBP	1	63.09	53.63	9.46	0.00	0.00	0.01	0.00	0.00	0.01	0.00
170472589360717	170472589360717005R	13021	64355	2024-04-08	3.1	GBP	2	558.00	437.54	83.70	36.76	0.00	229.16	0.00	34.38	194.78	0.00
170473487956357	170473487956357004R	36046	64355	2024-03-25	3	GBP	1	279.00	218.77	41.85	18.38	0.00	114.58	0.00	17.19	97.39	0.00
170473487956357	170473487956357006R	36046	64355	2024-03-25	3	GBP	1	63.09	50.01	9.46	3.62	0.00	0.01	0.00	0.00	0.01	0.00
170515598029635	170515598029635005R	12381	64355	2024-03-24	3	GBP	2	558.00	431.96	83.70	42.34	0.00	218.00	0.00	30.52	187.48	0.00
170644214966742	170644214966742005R	13476	64355	2024-03-24	3	GBP	2	558.00	437.54	83.70	36.76	0.00	229.16	0.00	34.38	194.78	0.00
170852884526162	170852884526162005R	13343	64355	2024-03-24	3	GBP	2	558.00	437.54	83.70	36.76	0.00	229.16	0.00	34.38	194.78	0.00
170964509148394	170964509148394007R	13047	64355	2024-03-26	3.1	GBP	3	837.00	656.31	125.55	55.14	0.00	343.74	0.00	51.57	292.17	0.00
