vt_group_no,transaction_id,hotel_id,hotel_name,reseller_id,reseller_name,ticket_id,ticketpriceschedule_id,version,order_confirm_date,saleprice,purchaseprice,merchantcommission,distributorcommission,hgscommission,salepriceshouldbe,museumfeeshouldbe,hotelpercentageshouldbe,merchantfeeshouldbe,hotelfeeshouldbe,hgsfeeshouldbe,modifiedshouldbe,pricinglevel
173727137680045,173727137680045001R,8984,Viator (EET),541,Evan Evans,15047,429253,1,2025-01-19 07:23:31,650,0,0,130,520,111,111,111,111,111,111,2022-02-22 22:22:22,Nosetting
173727137680045,173727137680045002R,8984,Viator (EET),541,Evan Evans,15047,429253,1,2025-01-19 07:23:31,650,0,0,130,520,111,111,111,111,111,111,2022-02-22 22:22:22,Nosetting
173731396814292,173731396814292002R,5960,Evan Evans Tours Ltd CMS ,541,Evan Evans,13829,421827,1,2025-01-19 19:16:24,105,0,0,0,65.3,111,111,111,111,111,111,2022-02-22 22:22:22,Nosetting
173731396814292,173731396814292001R,5960,Evan Evans Tours Ltd CMS ,541,Evan Evans,13829,421827,1,2025-01-19 19:16:24,105,0,0,0,65.3,111,111,111,111,111,111,2022-02-22 22:22:22,Nosetting
173730261109157,173730261109157003R,5960,Evan Evans Tours Ltd CMS ,541,Evan Evans,13829,422870,1,2025-01-19 16:09:45,120,0,0,0,87.5,111,111,111,111,111,111,2022-02-22 22:22:22,Nosetting
173730123372844,173730123372844002R,5960,Evan Evans Tours Ltd CMS ,541,Evan Evans,13928,428463,1,2025-01-19 15:48:42,165,123.75,0,0,41.25,165,123.75,100,0,41.25,0,2025-01-02 16:15:12,clcsetting
173731396814292,173731396814292003R,5960,Evan Evans Tours Ltd CMS ,541,Evan Evans,13829,421828,1,2025-01-19 19:16:24,95,0,0,0,62.5,111,111,111,111,111,111,2022-02-22 22:22:22,Nosetting
173729883280465,173729883280465002R,5960,Evan Evans Tours Ltd CMS ,541,Evan Evans,15653,430129,1,2025-01-19 15:02:57,135,0,0,0,135,111,111,111,111,111,111,2022-02-22 22:22:22,Nosetting
173729883280465,173729883280465003R,5960,Evan Evans Tours Ltd CMS ,541,Evan Evans,15653,430129,1,2025-01-19 15:02:57,135,0,0,0,135,111,111,111,111,111,111,2022-02-22 22:22:22,Nosetting
173729883280465,173729883280465001R,5960,Evan Evans Tours Ltd CMS ,541,Evan Evans,15653,430129,1,2025-01-19 15:02:57,135,0,0,0,135,111,111,111,111,111,111,2022-02-22 22:22:22,Nosetting
173729883280465,173729883280465004R,5960,Evan Evans Tours Ltd CMS ,541,Evan Evans,15653,430129,1,2025-01-19 15:02:57,135,0,0,0,135,111,111,111,111,111,111,2022-02-22 22:22:22,Nosetting
173715776563826,173715776563826012R,9029,EPG- Main ,541,Evan Evans,13961,428555,3,2025-01-18 14:45:33,170,0,0,42.5,111.38,170,0,28,0,47.6,122.4,2025-01-20 05:01:26,catalogsetting
173715776563826,173715776563826011R,9029,EPG- Main ,541,Evan Evans,13961,428555,3,2025-01-18 14:45:33,170,0,0,42.5,111.38,170,0,28,0,47.6,122.4,2025-01-20 05:01:26,catalogsetting
173728445467563,173728445467563002R,7718,Rubens At The Palace Hotel ,541,Evan Evans,23158,428476,1,2025-01-19 11:01:21,69,0,0,19.32,49.68,69,0,30,0,20.7,48.3,2025-01-20 04:57:44,catalogsetting
173728445467563,173728445467563001R,7718,Rubens At The Palace Hotel ,541,Evan Evans,23158,428476,1,2025-01-19 11:01:21,69,0,0,19.32,49.68,69,0,30,0,20.7,48.3,2025-01-20 04:57:44,catalogsetting
173732384659974,173732384659974002R,5960,Evan Evans Tours Ltd CMS ,541,Evan Evans,13829,421824,1,2025-01-19 22:07:45,105,0,0,0,72.5,111,111,111,111,111,111,2022-02-22 22:22:22,Nosetting
173731223626387,173731223626387004R,5960,Evan Evans Tours Ltd CMS ,541,Evan Evans,13829,421824,1,2025-01-19 18:55:28,105,0,0,0,72.5,111,111,111,111,111,111,2022-02-22 22:22:22,Nosetting
173731958781238,173731958781238004R,5960,Evan Evans Tours Ltd CMS ,541,Evan Evans,13829,421824,1,2025-01-19 20:48:24,105,0,0,0,72.5,111,111,111,111,111,111,2022-02-22 22:22:22,Nosetting
173731951827903,173731951827903014R,5960,Evan Evans Tours Ltd CMS ,541,Evan Evans,13829,421824,1,2025-01-19 20:52:16,105,0,0,0,72.5,111,111,111,111,111,111,2022-02-22 22:22:22,Nosetting
173731958781238,173731958781238003R,5960,Evan Evans Tours Ltd CMS ,541,Evan Evans,13829,421824,1,2025-01-19 20:48:24,105,0,0,0,72.5,111,111,111,111,111,111,2022-02-22 22:22:22,Nosetting
173730744759309,173730744759309003R,5960,Evan Evans Tours Ltd CMS ,541,Evan Evans,13829,421824,1,2025-01-19 17:28:37,105,0,0,0,72.5,111,111,111,111,111,111,2022-02-22 22:22:22,Nosetting
173731570200535,173731570200535001R,5960,Evan Evans Tours Ltd CMS ,541,Evan Evans,70902,428571,1,2025-01-19 19:45:08,130,0,0,0,130,111,111,111,111,111,111,2022-02-22 22:22:22,Nosetting
173731570200535,173731570200535002R,5960,Evan Evans Tours Ltd CMS ,541,Evan Evans,70902,428571,1,2025-01-19 19:45:08,130,0,0,0,130,111,111,111,111,111,111,2022-02-22 22:22:22,Nosetting
173730080378456,173730080378456016R,5960,Evan Evans Tours Ltd CMS ,541,Evan Evans,15566,428486,1,2025-01-19 15:37:55,129,0,0,0,129,111,111,111,111,111,111,2022-02-22 22:22:22,Nosetting
173730080378456,173730080378456018R,5960,Evan Evans Tours Ltd CMS ,541,Evan Evans,15566,428486,1,2025-01-19 15:37:55,129,0,0,0,129,111,111,111,111,111,111,2022-02-22 22:22:22,Nosetting
173730080378456,173730080378456017R,5960,Evan Evans Tours Ltd CMS ,541,Evan Evans,15566,428486,1,2025-01-19 15:37:55,129,0,0,0,129,111,111,111,111,111,111,2022-02-22 22:22:22,Nosetting
172659193644325,172659193644325002R,6458,Travel Trade Group,541,Evan Evans,61426,415014,4.2,2024-09-17 16:52:41,125,0,0,28.75,96.25,125,0,25,0,31.25,93.75,2025-01-20 04:43:46,catalogsetting
172650586677032,172650586677032001R,6458,Travel Trade Group,541,Evan Evans,61426,415014,4.2,2024-09-16 16:58:23,125,0,0,28.75,96.25,125,0,25,0,31.25,93.75,2025-01-20 04:43:46,catalogsetting
172647214365728,172647214365728002R,6458,Travel Trade Group,541,Evan Evans,61426,415014,4.2,2024-09-16 07:35:55,125,0,0,28.75,96.25,125,0,25,0,31.25,93.75,2025-01-20 04:43:46,catalogsetting
172759257534588,172759257534588002R,6458,Travel Trade Group,541,Evan Evans,61426,415014,3,2024-09-29 06:50:03,125,0,0,28.75,96.25,125,0,25,0,31.25,93.75,2025-01-20 04:43:46,catalogsetting
172622007386407,172622007386407002R,6458,Travel Trade Group,541,Evan Evans,61426,415014,4.2,2024-09-13 09:34:53,125,0,0,28.75,96.25,125,0,25,0,31.25,93.75,2025-01-20 04:43:46,catalogsetting
172647214365728,172647214365728004R,6458,Travel Trade Group,541,Evan Evans,61426,415014,4.2,2025-01-20 16:06:25,125,0,0,28.75,96.25,125,0,25,0,31.25,93.75,2025-01-20 04:43:46,catalogsetting
172650586677032,172650586677032004R,6458,Travel Trade Group,541,Evan Evans,61426,415014,4.2,2025-01-20 16:04:04,125,0,0,28.75,96.25,125,0,25,0,31.25,93.75,2025-01-20 04:43:46,catalogsetting
172759257534588,172759257534588003R,6458,Travel Trade Group,541,Evan Evans,61426,415014,4,2024-10-07 07:44:59,125,0,0,28.75,96.25,125,0,25,0,31.25,93.75,2025-01-20 04:43:46,catalogsetting
172622007386407,172622007386407004R,6458,Travel Trade Group,541,Evan Evans,61426,415014,4.2,2025-01-20 16:02:56,125,0,0,28.75,96.25,125,0,25,0,31.25,93.75,2025-01-20 04:43:46,catalogsetting
172650586677032,172650586677032002R,6458,Travel Trade Group,541,Evan Evans,61426,415014,4.2,2024-09-16 16:58:23,125,0,0,28.75,96.25,125,0,25,0,31.25,93.75,2025-01-20 04:43:46,catalogsetting
172622007386407,172622007386407001R,6458,Travel Trade Group,541,Evan Evans,61426,415014,4.2,2024-09-13 09:34:53,125,0,0,28.75,96.25,125,0,25,0,31.25,93.75,2025-01-20 04:43:46,catalogsetting
172622007386407,172622007386407003R,6458,Travel Trade Group,541,Evan Evans,61426,415014,4.2,2025-01-20 16:02:56,125,0,0,28.75,96.25,125,0,25,0,31.25,93.75,2025-01-20 04:43:46,catalogsetting
172759257534588,172759257534588005R,6458,Travel Trade Group,541,Evan Evans,61426,415014,3,2024-10-07 07:45:01,125,0,0,28.75,96.25,125,0,25,0,31.25,93.75,2025-01-20 04:43:46,catalogsetting
172659193644325,172659193644325003R,6458,Travel Trade Group,541,Evan Evans,61426,415014,4.2,2025-01-20 16:05:12,125,0,0,28.75,96.25,125,0,25,0,31.25,93.75,2025-01-20 04:43:46,catalogsetting
172647214365728,172647214365728003R,6458,Travel Trade Group,541,Evan Evans,61426,415014,4.2,2025-01-20 16:06:25,125,0,0,28.75,96.25,125,0,25,0,31.25,93.75,2025-01-20 04:43:46,catalogsetting
172659193644325,172659193644325001R,6458,Travel Trade Group,541,Evan Evans,61426,415014,4.2,2024-09-17 16:52:41,125,0,0,28.75,96.25,125,0,25,0,31.25,93.75,2025-01-20 04:43:46,catalogsetting
172659193644325,172659193644325004R,6458,Travel Trade Group,541,Evan Evans,61426,415014,4.2,2025-01-20 16:05:12,125,0,0,28.75,96.25,125,0,25,0,31.25,93.75,2025-01-20 04:43:46,catalogsetting
172759257534588,172759257534588006R,6458,Travel Trade Group,541,Evan Evans,61426,415014,3,2024-10-07 07:45:01,125,0,0,28.75,96.25,125,0,25,0,31.25,93.75,2025-01-20 04:43:46,catalogsetting
172650586677032,172650586677032003R,6458,Travel Trade Group,541,Evan Evans,61426,415014,4.2,2025-01-20 16:04:04,125,0,0,28.75,96.25,125,0,25,0,31.25,93.75,2025-01-20 04:43:46,catalogsetting
172759257534588,172759257534588004R,6458,Travel Trade Group,541,Evan Evans,61426,415014,4,2024-10-07 07:44:59,125,0,0,28.75,96.25,125,0,25,0,31.25,93.75,2025-01-20 04:43:46,catalogsetting
172647214365728,172647214365728001R,6458,Travel Trade Group,541,Evan Evans,61426,415014,4.2,2024-09-16 07:35:55,125,0,0,28.75,96.25,125,0,25,0,31.25,93.75,2025-01-20 04:43:46,catalogsetting
172759257534588,172759257534588001R,6458,Travel Trade Group,541,Evan Evans,61426,415014,3,2024-09-29 06:50:03,125,0,0,28.75,96.25,125,0,25,0,31.25,93.75,2025-01-20 04:43:46,catalogsetting
173732303879782,173732303879782002R,7601,Park Plaza Westminster Bridge ,541,Evan Evans,14159,362453,1,2025-01-19 21:45:58,34.8,0,0,5.22,29.58,34.8,0,20,0,6.96,27.84,2025-01-20 05:35:12,catalogsetting
173732303879782,173732303879782001R,7601,Park Plaza Westminster Bridge ,541,Evan Evans,14159,362453,1,2025-01-19 21:45:58,34.8,0,0,5.22,29.58,34.8,0,20,0,6.96,27.84,2025-01-20 05:35:12,catalogsetting
173732326545542,173732326545542001R,5960,Evan Evans Tours Ltd CMS ,541,Evan Evans,15566,428489,1,2025-01-19 21:58:11,124,0,0,0,124,111,111,111,111,111,111,2022-02-22 22:22:22,Nosetting
173732326042973,173732326042973001R,5960,Evan Evans Tours Ltd CMS ,541,Evan Evans,15566,428489,1,2025-01-19 21:59:22,124,0,0,0,124,111,111,111,111,111,111,2022-02-22 22:22:22,Nosetting
173732326042973,173732326042973002R,5960,Evan Evans Tours Ltd CMS ,541,Evan Evans,15566,428489,1,2025-01-19 21:59:22,124,0,0,0,124,111,111,111,111,111,111,2022-02-22 22:22:22,Nosetting
173732326545542,173732326545542002R,5960,Evan Evans Tours Ltd CMS ,541,Evan Evans,15566,428489,1,2025-01-19 21:58:11,124,0,0,0,124,111,111,111,111,111,111,2022-02-22 22:22:22,Nosetting
173728496417731,173728496417731002R,5960,Evan Evans Tours Ltd CMS ,541,Evan Evans,13829,421818,1,2025-01-19 11:13:40,115,0,0,0,75.3,111,111,111,111,111,111,2022-02-22 22:22:22,Nosetting
173727769492213,173727769492213001R,5960,Evan Evans Tours Ltd CMS ,541,Evan Evans,13829,421818,2,2025-01-19 09:30:17,115,0,0,0,75.3,111,111,111,111,111,111,2022-02-22 22:22:22,Nosetting
173608909512303,173608909512303001R,5960,Evan Evans Tours Ltd CMS ,541,Evan Evans,13829,421818,1.1,2025-01-05 15:02:15,115,0,0,0,115,111,111,111,111,111,111,2022-02-22 22:22:22,Nosetting
173727769492213,173727769492213004R,5960,Evan Evans Tours Ltd CMS ,541,Evan Evans,13829,421818,2,2025-01-20 07:50:21,115,0,0,0,75.3,111,111,111,111,111,111,2022-02-22 22:22:22,Nosetting
173728496417731,173728496417731003R,5960,Evan Evans Tours Ltd CMS ,541,Evan Evans,13829,421818,1,2025-01-19 11:13:40,115,0,0,0,75.3,111,111,111,111,111,111,2022-02-22 22:22:22,Nosetting
173732172533444,173732172533444002R,5960,Evan Evans Tours Ltd CMS ,541,Evan Evans,13829,421818,1,2025-01-19 21:28:07,115,0,0,0,75.3,111,111,111,111,111,111,2022-02-22 22:22:22,Nosetting
173728496417731,173728496417731001R,5960,Evan Evans Tours Ltd CMS ,541,Evan Evans,13829,421818,1,2025-01-19 11:13:40,115,0,0,0,75.3,111,111,111,111,111,111,2022-02-22 22:22:22,Nosetting
173608909512303,173608909512303002R,5960,Evan Evans Tours Ltd CMS ,541,Evan Evans,13829,421818,1.1,2025-01-05 15:02:15,115,0,0,0,115,111,111,111,111,111,111,2022-02-22 22:22:22,Nosetting
173707531188858,173707531188858001R,5960,Evan Evans Tours Ltd CMS ,541,Evan Evans,13829,421818,1.1,2025-01-17 01:19:02,115,0,0,0,75.3,111,111,111,111,111,111,2022-02-22 22:22:22,Nosetting
173732172533444,173732172533444001R,5960,Evan Evans Tours Ltd CMS ,541,Evan Evans,13829,421818,1,2025-01-19 21:28:07,115,0,0,0,75.3,111,111,111,111,111,111,2022-02-22 22:22:22,Nosetting
173728123904838,173728123904838001R,5960,Evan Evans Tours Ltd CMS ,541,Evan Evans,13829,421818,1,2025-01-19 10:20:52,115,0,0,0,75.3,111,111,111,111,111,111,2022-02-22 22:22:22,Nosetting
173715776563826,173715776563826021R,9029,EPG- Main ,541,Evan Evans,13961,428552,2,2025-01-18 14:45:35,175,0,0,43.75,113.7,175,0,28,0,49,126,2025-01-20 05:01:26,catalogsetting
173715776563826,173715776563826002R,9029,EPG- Main ,541,Evan Evans,13961,428552,2,2025-01-17 23:53:39,175,0,0,43.75,113.7,175,0,28,0,49,126,2025-01-20 05:01:26,catalogsetting
173715776563826,173715776563826001R,9029,EPG- Main ,541,Evan Evans,13961,428552,2,2025-01-17 23:53:39,175,0,0,43.75,113.7,175,0,28,0,49,126,2025-01-20 05:01:26,catalogsetting
173715776563826,173715776563826022R,9029,EPG- Main ,541,Evan Evans,13961,428552,2,2025-01-18 14:45:35,175,0,0,43.75,113.7,175,0,28,0,49,126,2025-01-20 05:01:26,catalogsetting
173732613727514,173732613727514002R,5960,Evan Evans Tours Ltd CMS ,541,Evan Evans,15569,428494,1,2025-01-19 22:41:24,94,0,0,0,94,111,111,111,111,111,111,2022-02-22 22:22:22,Nosetting
173732613727514,173732613727514001R,5960,Evan Evans Tours Ltd CMS ,541,Evan Evans,15569,428494,1,2025-01-19 22:41:24,94,0,0,0,94,111,111,111,111,111,111,2022-02-22 22:22:22,Nosetting
173731223626387,173731223626387001R,5960,Evan Evans Tours Ltd CMS ,541,Evan Evans,13829,421823,1,2025-01-19 18:55:28,115,0,0,0,75.3,111,111,111,111,111,111,2022-02-22 22:22:22,Nosetting
173731223626387,173731223626387002R,5960,Evan Evans Tours Ltd CMS ,541,Evan Evans,13829,421823,1,2025-01-19 18:55:28,115,0,0,0,75.3,111,111,111,111,111,111,2022-02-22 22:22:22,Nosetting
173731958781238,173731958781238001R,5960,Evan Evans Tours Ltd CMS ,541,Evan Evans,13829,421823,1,2025-01-19 20:48:24,115,0,0,0,75.3,111,111,111,111,111,111,2022-02-22 22:22:22,Nosetting
173732384659974,173732384659974001R,5960,Evan Evans Tours Ltd CMS ,541,Evan Evans,13829,421823,1,2025-01-19 22:07:45,115,0,0,0,75.3,111,111,111,111,111,111,2022-02-22 22:22:22,Nosetting
173731838078281,173731838078281004R,5960,Evan Evans Tours Ltd CMS ,541,Evan Evans,13829,421823,1,2025-01-19 20:31:14,115,0,0,0,75.3,111,111,111,111,111,111,2022-02-22 22:22:22,Nosetting
173731958781238,173731958781238002R,5960,Evan Evans Tours Ltd CMS ,541,Evan Evans,13829,421823,1,2025-01-19 20:48:24,115,0,0,0,75.3,111,111,111,111,111,111,2022-02-22 22:22:22,Nosetting
173730048441205,173730048441205002R,5960,Evan Evans Tours Ltd CMS ,541,Evan Evans,13829,421823,1,2025-01-19 15:36:17,115,0,0,0,75.3,111,111,111,111,111,111,2022-02-22 22:22:22,Nosetting
173731838078281,173731838078281003R,5960,Evan Evans Tours Ltd CMS ,541,Evan Evans,13829,421823,1,2025-01-19 20:31:14,115,0,0,0,75.3,111,111,111,111,111,111,2022-02-22 22:22:22,Nosetting
173731223626387,173731223626387003R,5960,Evan Evans Tours Ltd CMS ,541,Evan Evans,13829,421823,1,2025-01-19 18:55:28,115,0,0,0,75.3,111,111,111,111,111,111,2022-02-22 22:22:22,Nosetting
173730744759309,173730744759309001R,5960,Evan Evans Tours Ltd CMS ,541,Evan Evans,13829,421823,1,2025-01-19 17:28:37,115,0,0,0,75.3,111,111,111,111,111,111,2022-02-22 22:22:22,Nosetting
173730048441205,173730048441205001R,5960,Evan Evans Tours Ltd CMS ,541,Evan Evans,13829,421823,1,2025-01-19 15:36:17,115,0,0,0,75.3,111,111,111,111,111,111,2022-02-22 22:22:22,Nosetting
173731838078281,173731838078281002R,5960,Evan Evans Tours Ltd CMS ,541,Evan Evans,13829,421823,1,2025-01-19 20:31:14,115,0,0,0,75.3,111,111,111,111,111,111,2022-02-22 22:22:22,Nosetting
173731951827903,173731951827903013R,5960,Evan Evans Tours Ltd CMS ,541,Evan Evans,13829,421823,1,2025-01-19 20:52:16,115,0,0,0,75.3,111,111,111,111,111,111,2022-02-22 22:22:22,Nosetting
173730744759309,173730744759309002R,5960,Evan Evans Tours Ltd CMS ,541,Evan Evans,13829,421823,1,2025-01-19 17:28:37,115,0,0,0,75.3,111,111,111,111,111,111,2022-02-22 22:22:22,Nosetting
173731838078281,173731838078281001R,5960,Evan Evans Tours Ltd CMS ,541,Evan Evans,13829,421823,1,2025-01-19 20:31:14,115,0,0,0,75.3,111,111,111,111,111,111,2022-02-22 22:22:22,Nosetting
173729546541825,173729546541825001R,818,Headout,61,Headout,14165,457665,1,2025-01-19 14:04:26,23.5,17.62,0,5.88,0,111,111,111,111,111,111,2022-02-22 22:22:22,Nosetting
173724887074717,173724887074717001R,5960,Evan Evans Tours Ltd CMS ,541,Evan Evans,15590,428505,1,2025-01-19 01:16:08,119,0,0,0,119,111,111,111,111,111,111,2022-02-22 22:22:22,Nosetting
173724887074717,173724887074717002R,5960,Evan Evans Tours Ltd CMS ,541,Evan Evans,15590,428505,1,2025-01-19 01:16:08,119,0,0,0,119,111,111,111,111,111,111,2022-02-22 22:22:22,Nosetting
173731930610368,173731930610368003R,5960,Evan Evans Tours Ltd CMS ,541,Evan Evans,13829,454863,1,2025-01-19 20:51:25,95,0,0,0,55.3,111,111,111,111,111,111,2022-02-22 22:22:22,Nosetting
173731930610368,173731930610368002R,5960,Evan Evans Tours Ltd CMS ,541,Evan Evans,13829,454863,1,2025-01-19 20:51:25,95,0,0,0,55.3,111,111,111,111,111,111,2022-02-22 22:22:22,Nosetting
173732326042973,173732326042973011R,5960,Evan Evans Tours Ltd CMS ,541,Evan Evans,15590,428508,1,2025-01-19 21:59:22,114,0,0,0,114,111,111,111,111,111,111,2022-02-22 22:22:22,Nosetting
173732326545542,173732326545542012R,5960,Evan Evans Tours Ltd CMS ,541,Evan Evans,15590,428508,1,2025-01-19 21:58:11,114,0,0,0,114,111,111,111,111,111,111,2022-02-22 22:22:22,Nosetting
173732326545542,173732326545542011R,5960,Evan Evans Tours Ltd CMS ,541,Evan Evans,15590,428508,1,2025-01-19 21:58:11,114,0,0,0,114,111,111,111,111,111,111,2022-02-22 22:22:22,Nosetting
173732326042973,173732326042973012R,5960,Evan Evans Tours Ltd CMS ,541,Evan Evans,15590,428508,1,2025-01-19 21:59:22,114,0,0,0,114,111,111,111,111,111,111,2022-02-22 22:22:22,Nosetting
173731971690379,173731971690379003R,7601,Park Plaza Westminster Bridge ,541,Evan Evans,52867,421037,1,2025-01-19 20:56:07,30,0,0,3,27,30,0,12,0,3.6,26.4,2025-01-20 05:36:41,catalogsetting
173731971690379,173731971690379002R,7601,Park Plaza Westminster Bridge ,541,Evan Evans,52867,421037,1,2025-01-19 20:56:07,30,0,0,3,27,30,0,12,0,3.6,26.4,2025-01-20 05:36:41,catalogsetting
173731971690379,173731971690379001R,7601,Park Plaza Westminster Bridge ,541,Evan Evans,52867,421037,1,2025-01-19 20:56:07,30,0,0,3,27,30,0,12,0,3.6,26.4,2025-01-20 05:36:41,catalogsetting
173725574510647,173725574510647002R,5960,Evan Evans Tours Ltd CMS ,541,Evan Evans,22886,428442,1,2025-01-19 03:09:48,129,0,0,0,129,111,111,111,111,111,111,2022-02-22 22:22:22,Nosetting
173725574510647,173725574510647001R,5960,Evan Evans Tours Ltd CMS ,541,Evan Evans,22886,428442,1,2025-01-19 03:09:48,129,0,0,0,129,111,111,111,111,111,111,2022-02-22 22:22:22,Nosetting
173728120575731,173728120575731001R,5960,Evan Evans Tours Ltd CMS ,541,Evan Evans,13829,454862,1,2025-01-19 10:20:53,105,0,0,0,65.3,111,111,111,111,111,111,2022-02-22 22:22:22,Nosetting
173731531209139,173731531209139002R,5960,Evan Evans Tours Ltd CMS ,541,Evan Evans,13829,454862,1,2025-01-19 19:48:43,105,0,0,0,65.3,111,111,111,111,111,111,2022-02-22 22:22:22,Nosetting
173728120575731,173728120575731002R,5960,Evan Evans Tours Ltd CMS ,541,Evan Evans,13829,454862,1,2025-01-19 10:20:53,105,0,0,0,65.3,111,111,111,111,111,111,2022-02-22 22:22:22,Nosetting
173731930610368,173731930610368001R,5960,Evan Evans Tours Ltd CMS ,541,Evan Evans,13829,454862,1,2025-01-19 20:51:25,105,0,0,0,65.3,111,111,111,111,111,111,2022-02-22 22:22:22,Nosetting
173731531209139,173731531209139001R,5960,Evan Evans Tours Ltd CMS ,541,Evan Evans,13829,454862,1,2025-01-19 19:48:43,105,0,0,0,65.3,111,111,111,111,111,111,2022-02-22 22:22:22,Nosetting
173725327981616,173725327981616001R,5960,Evan Evans Tours Ltd CMS ,541,Evan Evans,70902,350999,1,2025-01-19 02:25:17,470,0,0,0,470,111,111,111,111,111,111,2022-02-22 22:22:22,Nosetting
173730123372844,173730123372844001R,5960,Evan Evans Tours Ltd CMS ,541,Evan Evans,13928,428466,1,2025-01-19 15:48:42,160,120,0,0,40,160,120,100,0,40,0,2025-01-02 16:16:46,clcsetting
173727175657308,173727175657308001R,5960,Evan Evans Tours Ltd CMS ,541,Evan Evans,13928,428466,1,2025-01-19 07:35:40,160,120,0,0,40,160,120,100,0,40,0,2025-01-02 16:16:46,clcsetting
173730080378456,173730080378456032R,5960,Evan Evans Tours Ltd CMS ,541,Evan Evans,13829,422879,1,2025-01-19 15:37:55,130,0,0,0,90.3,111,111,111,111,111,111,2022-02-22 22:22:22,Nosetting
173730080378456,173730080378456033R,5960,Evan Evans Tours Ltd CMS ,541,Evan Evans,13829,422879,1,2025-01-19 15:37:55,130,0,0,0,90.3,111,111,111,111,111,111,2022-02-22 22:22:22,Nosetting
173730080378456,173730080378456031R,5960,Evan Evans Tours Ltd CMS ,541,Evan Evans,13829,422879,1,2025-01-19 15:37:55,130,0,0,0,90.3,111,111,111,111,111,111,2022-02-22 22:22:22,Nosetting
173730261109157,173730261109157001R,5960,Evan Evans Tours Ltd CMS ,541,Evan Evans,13829,422869,1,2025-01-19 16:09:45,130,0,0,0,90.3,111,111,111,111,111,111,2022-02-22 22:22:22,Nosetting
173730261109157,173730261109157002R,5960,Evan Evans Tours Ltd CMS ,541,Evan Evans,13829,422869,1,2025-01-19 16:09:45,130,0,0,0,90.3,111,111,111,111,111,111,2022-02-22 22:22:22,Nosetting
172709347470158,172709347470158006R,6458,Travel Trade Group,541,Evan Evans,61395,414992,5.2,2024-10-07 07:21:00,99,0,0,22.77,76.23,99,0,25,0,24.75,74.25,2025-01-20 04:43:38,catalogsetting
172734691916121,172734691916121023R,6458,Travel Trade Group,541,Evan Evans,61395,414992,5.2,2024-10-07 07:30:29,99,0,0,22.77,76.23,99,0,25,0,24.75,74.25,2025-01-20 04:43:38,catalogsetting
172709347470158,172709347470158007R,6458,Travel Trade Group,541,Evan Evans,61395,414992,3,2024-10-07 07:21:02,99,0,0,22.77,76.23,99,0,25,0,24.75,74.25,2025-01-20 04:43:38,catalogsetting
172709347470158,172709347470158004R,6458,Travel Trade Group,541,Evan Evans,61395,414992,5.2,2024-10-07 07:21:00,99,0,0,22.77,76.23,99,0,25,0,24.75,74.25,2025-01-20 04:43:38,catalogsetting
172734691916121,172734691916121014R,6458,Travel Trade Group,541,Evan Evans,61395,414992,3,2024-09-26 10:36:26,99,0,0,22.77,76.23,99,0,25,0,24.75,74.25,2025-01-20 04:43:38,catalogsetting
172717557523216,172717557523216002R,6458,Travel Trade Group,541,Evan Evans,61395,414992,3,2024-09-24 10:59:54,99,0,0,22.77,76.23,99,0,25,0,24.75,74.25,2025-01-20 04:43:38,catalogsetting
172672882739729,172672882739729004R,6458,Travel Trade Group,541,Evan Evans,61395,414992,4.2,2025-01-20 16:08:50,99,0,0,22.77,76.23,99,0,25,0,24.75,74.25,2025-01-20 04:43:38,catalogsetting
172734691916121,172734691916121016R,6458,Travel Trade Group,541,Evan Evans,61395,414992,3,2024-09-26 10:36:26,99,0,0,22.77,76.23,99,0,25,0,24.75,74.25,2025-01-20 04:43:38,catalogsetting
172734691916121,172734691916121001R,6458,Travel Trade Group,541,Evan Evans,61395,414992,3,2024-09-26 10:35:50,99,0,0,22.77,76.23,99,0,25,0,24.75,74.25,2025-01-20 04:43:38,catalogsetting
172709347470158,172709347470158009R,6458,Travel Trade Group,541,Evan Evans,61395,414992,3,2024-10-07 07:21:02,99,0,0,22.77,76.23,99,0,25,0,24.75,74.25,2025-01-20 04:43:38,catalogsetting
172734691916121,172734691916121024R,6458,Travel Trade Group,541,Evan Evans,61395,414992,5.2,2024-10-07 07:30:29,99,0,0,22.77,76.23,99,0,25,0,24.75,74.25,2025-01-20 04:43:38,catalogsetting
172734691916121,172734691916121009R,6458,Travel Trade Group,541,Evan Evans,61395,414992,4,2024-09-26 10:36:24,99,0,0,22.77,76.23,99,0,25,0,24.75,74.25,2025-01-20 04:43:38,catalogsetting
172734691916121,172734691916121012R,6458,Travel Trade Group,541,Evan Evans,61395,414992,4,2024-09-26 10:36:24,99,0,0,22.77,76.23,99,0,25,0,24.75,74.25,2025-01-20 04:43:38,catalogsetting
172734691916121,172734691916121005R,6458,Travel Trade Group,541,Evan Evans,61395,414992,3,2024-09-26 10:35:50,99,0,0,22.77,76.23,99,0,25,0,24.75,74.25,2025-01-20 04:43:38,catalogsetting
172672882739729,172672882739729001R,6458,Travel Trade Group,541,Evan Evans,61395,414992,4.2,2024-09-19 06:56:18,99,0,0,22.77,76.23,99,0,25,0,24.75,74.25,2025-01-20 04:43:38,catalogsetting
172734691916121,172734691916121015R,6458,Travel Trade Group,541,Evan Evans,61395,414992,3,2024-09-26 10:36:26,99,0,0,22.77,76.23,99,0,25,0,24.75,74.25,2025-01-20 04:43:38,catalogsetting
172734691916121,172734691916121010R,6458,Travel Trade Group,541,Evan Evans,61395,414992,4,2024-09-26 10:36:24,99,0,0,22.77,76.23,99,0,25,0,24.75,74.25,2025-01-20 04:43:38,catalogsetting
172709347470158,172709347470158002R,6458,Travel Trade Group,541,Evan Evans,61395,414992,3,2024-09-23 12:11:24,99,0,0,22.77,76.23,99,0,25,0,24.75,74.25,2025-01-20 04:43:38,catalogsetting
172734691916121,172734691916121020R,6458,Travel Trade Group,541,Evan Evans,61395,414992,5.2,2024-10-07 07:30:29,99,0,0,22.77,76.23,99,0,25,0,24.75,74.25,2025-01-20 04:43:38,catalogsetting
172734691916121,172734691916121031R,6458,Travel Trade Group,541,Evan Evans,61395,414992,5.2,2025-01-20 16:07:39,99,0,0,22.77,76.23,99,0,25,0,24.75,74.25,2025-01-20 04:43:38,catalogsetting
172734691916121,172734691916121035R,6458,Travel Trade Group,541,Evan Evans,61395,414992,5.2,2025-01-20 16:07:39,99,0,0,22.77,76.23,99,0,25,0,24.75,74.25,2025-01-20 04:43:38,catalogsetting
172717557523216,172717557523216005R,6458,Travel Trade Group,541,Evan Evans,61395,414992,3,2024-09-24 11:13:34,99,0,0,22.77,76.23,99,0,25,0,24.75,74.25,2025-01-20 04:43:38,catalogsetting
172734691916121,172734691916121026R,6458,Travel Trade Group,541,Evan Evans,61395,414992,4,2024-10-07 07:30:30,99,0,0,22.77,76.23,99,0,25,0,24.75,74.25,2025-01-20 04:43:38,catalogsetting
172734691916121,172734691916121006R,6458,Travel Trade Group,541,Evan Evans,61395,414992,3,2024-09-26 10:35:50,99,0,0,22.77,76.23,99,0,25,0,24.75,74.25,2025-01-20 04:43:38,catalogsetting
172734691916121,172734691916121002R,6458,Travel Trade Group,541,Evan Evans,61395,414992,3,2024-09-26 10:35:50,99,0,0,22.77,76.23,99,0,25,0,24.75,74.25,2025-01-20 04:43:38,catalogsetting
172734691916121,172734691916121004R,6458,Travel Trade Group,541,Evan Evans,61395,414992,3,2024-09-26 10:35:50,99,0,0,22.77,76.23,99,0,25,0,24.75,74.25,2025-01-20 04:43:38,catalogsetting
172717557523216,172717557523216004R,6458,Travel Trade Group,541,Evan Evans,61395,414992,5.2,2024-09-24 11:13:32,99,0,0,22.77,76.23,99,0,25,0,24.75,74.25,2025-01-20 04:43:38,catalogsetting
172709347470158,172709347470158008R,6458,Travel Trade Group,541,Evan Evans,61395,414992,3,2024-10-07 07:21:02,99,0,0,22.77,76.23,99,0,25,0,24.75,74.25,2025-01-20 04:43:38,catalogsetting
172734691916121,172734691916121028R,6458,Travel Trade Group,541,Evan Evans,61395,414992,4,2024-10-07 07:30:30,99,0,0,22.77,76.23,99,0,25,0,24.75,74.25,2025-01-20 04:43:38,catalogsetting
172734691916121,172734691916121032R,6458,Travel Trade Group,541,Evan Evans,61395,414992,5.2,2025-01-20 16:07:39,99,0,0,22.77,76.23,99,0,25,0,24.75,74.25,2025-01-20 04:43:38,catalogsetting
172734691916121,172734691916121034R,6458,Travel Trade Group,541,Evan Evans,61395,414992,5.2,2025-01-20 16:07:39,99,0,0,22.77,76.23,99,0,25,0,24.75,74.25,2025-01-20 04:43:38,catalogsetting
172734691916121,172734691916121008R,6458,Travel Trade Group,541,Evan Evans,61395,414992,4,2024-09-26 10:36:24,99,0,0,22.77,76.23,99,0,25,0,24.75,74.25,2025-01-20 04:43:38,catalogsetting
172672882739729,172672882739729002R,6458,Travel Trade Group,541,Evan Evans,61395,414992,4.2,2024-09-19 06:56:18,99,0,0,22.77,76.23,99,0,25,0,24.75,74.25,2025-01-20 04:43:38,catalogsetting
172717557523216,172717557523216003R,6458,Travel Trade Group,541,Evan Evans,61395,414992,5.2,2024-09-24 11:13:32,99,0,0,22.77,76.23,99,0,25,0,24.75,74.25,2025-01-20 04:43:38,catalogsetting
172734691916121,172734691916121022R,6458,Travel Trade Group,541,Evan Evans,61395,414992,5.2,2024-10-07 07:30:29,99,0,0,22.77,76.23,99,0,25,0,24.75,74.25,2025-01-20 04:43:38,catalogsetting
172734691916121,172734691916121007R,6458,Travel Trade Group,541,Evan Evans,61395,414992,4,2024-09-26 10:36:24,99,0,0,22.77,76.23,99,0,25,0,24.75,74.25,2025-01-20 04:43:38,catalogsetting
172734691916121,172734691916121017R,6458,Travel Trade Group,541,Evan Evans,61395,414992,3,2024-09-26 10:36:26,99,0,0,22.77,76.23,99,0,25,0,24.75,74.25,2025-01-20 04:43:38,catalogsetting
172709347470158,172709347470158011R,6458,Travel Trade Group,541,Evan Evans,61395,414992,5.2,2025-01-20 16:10:00,99,0,0,22.77,76.23,99,0,25,0,24.75,74.25,2025-01-20 04:43:38,catalogsetting
172709347470158,172709347470158003R,6458,Travel Trade Group,541,Evan Evans,61395,414992,3,2024-09-23 12:11:24,99,0,0,22.77,76.23,99,0,25,0,24.75,74.25,2025-01-20 04:43:38,catalogsetting
172709347470158,172709347470158012R,6458,Travel Trade Group,541,Evan Evans,61395,414992,5.2,2025-01-20 16:10:00,99,0,0,22.77,76.23,99,0,25,0,24.75,74.25,2025-01-20 04:43:38,catalogsetting
172734691916121,172734691916121013R,6458,Travel Trade Group,541,Evan Evans,61395,414992,3,2024-09-26 10:36:26,99,0,0,22.77,76.23,99,0,25,0,24.75,74.25,2025-01-20 04:43:38,catalogsetting
172734691916121,172734691916121011R,6458,Travel Trade Group,541,Evan Evans,61395,414992,4,2024-09-26 10:36:24,99,0,0,22.77,76.23,99,0,25,0,24.75,74.25,2025-01-20 04:43:38,catalogsetting
172672882739729,172672882739729003R,6458,Travel Trade Group,541,Evan Evans,61395,414992,4.2,2025-01-20 16:08:50,99,0,0,22.77,76.23,99,0,25,0,24.75,74.25,2025-01-20 04:43:38,catalogsetting
172734691916121,172734691916121027R,6458,Travel Trade Group,541,Evan Evans,61395,414992,4,2024-10-07 07:30:30,99,0,0,22.77,76.23,99,0,25,0,24.75,74.25,2025-01-20 04:43:38,catalogsetting
172717557523216,172717557523216001R,6458,Travel Trade Group,541,Evan Evans,61395,414992,3,2024-09-24 10:59:54,99,0,0,22.77,76.23,99,0,25,0,24.75,74.25,2025-01-20 04:43:38,catalogsetting
172734691916121,172734691916121003R,6458,Travel Trade Group,541,Evan Evans,61395,414992,3,2024-09-26 10:35:50,99,0,0,22.77,76.23,99,0,25,0,24.75,74.25,2025-01-20 04:43:38,catalogsetting
172709347470158,172709347470158001R,6458,Travel Trade Group,541,Evan Evans,61395,414992,3,2024-09-23 12:11:24,99,0,0,22.77,76.23,99,0,25,0,24.75,74.25,2025-01-20 04:43:38,catalogsetting
172717557523216,172717557523216008R,6458,Travel Trade Group,541,Evan Evans,61395,414992,5.2,2025-01-20 16:11:08,99,0,0,22.77,76.23,99,0,25,0,24.75,74.25,2025-01-20 04:43:38,catalogsetting
172734691916121,172734691916121036R,6458,Travel Trade Group,541,Evan Evans,61395,414992,5.2,2025-01-20 16:07:39,99,0,0,22.77,76.23,99,0,25,0,24.75,74.25,2025-01-20 04:43:38,catalogsetting
172717557523216,172717557523216007R,6458,Travel Trade Group,541,Evan Evans,61395,414992,5.2,2025-01-20 16:11:08,99,0,0,22.77,76.23,99,0,25,0,24.75,74.25,2025-01-20 04:43:38,catalogsetting
172734691916121,172734691916121029R,6458,Travel Trade Group,541,Evan Evans,61395,414992,4,2024-10-07 07:30:30,99,0,0,22.77,76.23,99,0,25,0,24.75,74.25,2025-01-20 04:43:38,catalogsetting
172709347470158,172709347470158005R,6458,Travel Trade Group,541,Evan Evans,61395,414992,5.2,2024-10-07 07:21:00,99,0,0,22.77,76.23,99,0,25,0,24.75,74.25,2025-01-20 04:43:38,catalogsetting
172734691916121,172734691916121021R,6458,Travel Trade Group,541,Evan Evans,61395,414992,5.2,2024-10-07 07:30:29,99,0,0,22.77,76.23,99,0,25,0,24.75,74.25,2025-01-20 04:43:38,catalogsetting
172734691916121,172734691916121019R,6458,Travel Trade Group,541,Evan Evans,61395,414992,5.2,2024-10-07 07:30:29,99,0,0,22.77,76.23,99,0,25,0,24.75,74.25,2025-01-20 04:43:38,catalogsetting
172734691916121,172734691916121018R,6458,Travel Trade Group,541,Evan Evans,61395,414992,3,2024-09-26 10:36:26,99,0,0,22.77,76.23,99,0,25,0,24.75,74.25,2025-01-20 04:43:38,catalogsetting
172709347470158,172709347470158010R,6458,Travel Trade Group,541,Evan Evans,61395,414992,5.2,2025-01-20 16:10:00,99,0,0,22.77,76.23,99,0,25,0,24.75,74.25,2025-01-20 04:43:38,catalogsetting
172734691916121,172734691916121030R,6458,Travel Trade Group,541,Evan Evans,61395,414992,4,2024-10-07 07:30:30,99,0,0,22.77,76.23,99,0,25,0,24.75,74.25,2025-01-20 04:43:38,catalogsetting
172734691916121,172734691916121033R,6458,Travel Trade Group,541,Evan Evans,61395,414992,5.2,2025-01-20 16:07:39,99,0,0,22.77,76.23,99,0,25,0,24.75,74.25,2025-01-20 04:43:38,catalogsetting
172734691916121,172734691916121025R,6458,Travel Trade Group,541,Evan Evans,61395,414992,4,2024-10-07 07:30:30,99,0,0,22.77,76.23,99,0,25,0,24.75,74.25,2025-01-20 04:43:38,catalogsetting
172717557523216,172717557523216006R,6458,Travel Trade Group,541,Evan Evans,61395,414992,3,2024-09-24 11:13:34,99,0,0,22.77,76.23,99,0,25,0,24.75,74.25,2025-01-20 04:43:38,catalogsetting
172952636041609,172952636041609014R,8984,Viator (EET),541,Evan Evans,13931,428458,3,2025-01-19 19:53:58,135,0,0,37.8,97.2,135,0,30,0,40.5,94.5,2025-01-20 05:05:09,catalogsetting
172952636041609,172952636041609013R,8984,Viator (EET),541,Evan Evans,13931,428458,3,2025-01-19 19:53:58,135,0,0,37.8,97.2,135,0,30,0,40.5,94.5,2025-01-20 05:05:09,catalogsetting
172952636041609,172952636041609001R,8984,Viator (EET),541,Evan Evans,13931,428458,3,2024-10-21 15:59:37,135,0,0,37.8,97.2,135,0,30,0,40.5,94.5,2025-01-20 05:05:09,catalogsetting
172952636041609,172952636041609002R,8984,Viator (EET),541,Evan Evans,13931,428458,3,2024-10-21 15:59:37,135,0,0,37.8,97.2,135,0,30,0,40.5,94.5,2025-01-20 05:05:09,catalogsetting
173587391178707,173587391178707001R,5960,Evan Evans Tours Ltd CMS ,541,Evan Evans,70902,350997,2,2025-01-03 03:14:44,120,0,0,0,120,111,111,111,111,111,111,2022-02-22 22:22:22,Nosetting
173587391178707,173587391178707011R,5960,Evan Evans Tours Ltd CMS ,541,Evan Evans,70902,350997,2,2025-01-19 12:13:27,120,0,0,0,120,111,111,111,111,111,111,2022-02-22 22:22:22,Nosetting
173731971690379,173731971690379004R,7601,Park Plaza Westminster Bridge ,541,Evan Evans,52867,421038,1,2025-01-19 20:56:07,13,0,0,1.3,11.7,13,0,12,0,1.56,11.44,2025-01-20 05:36:41,catalogsetting
173729609733282,173729609733282001R,818,Headout,61,Headout,14165,457666,1,2025-01-19 14:14:57,23.5,17.62,0,5.88,0,111,111,111,111,111,111,2022-02-22 22:22:22,Nosetting
173728051979915,173728051979915001R,818,Headout,61,Headout,14165,457666,1,2025-01-19 09:55:20,23.5,17.62,0,5.88,0,111,111,111,111,111,111,2022-02-22 22:22:22,Nosetting
173729609733282,173729609733282002R,818,Headout,61,Headout,14165,457666,1,2025-01-19 14:14:57,23.5,17.62,0,5.88,0,111,111,111,111,111,111,2022-02-22 22:22:22,Nosetting
173730080378456,173730080378456001R,5960,Evan Evans Tours Ltd CMS ,541,Evan Evans,23158,428476,1,2025-01-19 15:37:55,69,0,0,0,69,111,111,111,111,111,111,2022-02-22 22:22:22,Nosetting
173725787345239,173725787345239001R,5960,Evan Evans Tours Ltd CMS ,541,Evan Evans,23158,428476,1,2025-01-19 03:41:44,69,0,0,0,69,111,111,111,111,111,111,2022-02-22 22:22:22,Nosetting
173730080378456,173730080378456003R,5960,Evan Evans Tours Ltd CMS ,541,Evan Evans,23158,428476,1,2025-01-19 15:37:55,69,0,0,0,69,111,111,111,111,111,111,2022-02-22 22:22:22,Nosetting
173730080378456,173730080378456002R,5960,Evan Evans Tours Ltd CMS ,541,Evan Evans,23158,428476,1,2025-01-19 15:37:55,69,0,0,0,69,111,111,111,111,111,111,2022-02-22 22:22:22,Nosetting
173725787345239,173725787345239002R,5960,Evan Evans Tours Ltd CMS ,541,Evan Evans,23158,428476,1,2025-01-19 03:41:44,69,0,0,0,69,111,111,111,111,111,111,2022-02-22 22:22:22,Nosetting
173727987779105,173727987779105001R,818,Headout,61,Headout,14165,457662,1,2025-01-19 09:44:38,26,19.5,0,6.5,0,111,111,111,111,111,111,2022-02-22 22:22:22,Nosetting
173729570432300,173729570432300004R,818,Headout,61,Headout,14165,457662,1,2025-01-19 14:08:25,26,19.5,0,6.5,0,111,111,111,111,111,111,2022-02-22 22:22:22,Nosetting
173731028078861,173731028078861004R,818,Headout,61,Headout,14165,457662,1,2025-01-19 18:11:21,26,19.5,0,6.5,0,111,111,111,111,111,111,2022-02-22 22:22:22,Nosetting
173726509957503,173726509957503001R,818,Headout,61,Headout,14165,457662,1,2025-01-19 05:38:20,26,19.5,0,6.5,0,111,111,111,111,111,111,2022-02-22 22:22:22,Nosetting
173731028078861,173731028078861003R,818,Headout,61,Headout,14165,457662,1,2025-01-19 18:11:21,26,19.5,0,6.5,0,111,111,111,111,111,111,2022-02-22 22:22:22,Nosetting
173731070931601,173731070931601002R,818,Headout,61,Headout,14165,457662,1,2025-01-19 18:18:30,26,19.5,0,6.5,0,111,111,111,111,111,111,2022-02-22 22:22:22,Nosetting
173731028078861,173731028078861006R,818,Headout,61,Headout,14165,457662,1,2025-01-19 18:11:21,26,19.5,0,6.5,0,111,111,111,111,111,111,2022-02-22 22:22:22,Nosetting
173731028078861,173731028078861002R,818,Headout,61,Headout,14165,457662,1,2025-01-19 18:11:21,26,19.5,0,6.5,0,111,111,111,111,111,111,2022-02-22 22:22:22,Nosetting
173729570432300,173729570432300003R,818,Headout,61,Headout,14165,457662,1,2025-01-19 14:08:25,26,19.5,0,6.5,0,111,111,111,111,111,111,2022-02-22 22:22:22,Nosetting
173731070931601,173731070931601001R,818,Headout,61,Headout,14165,457662,1,2025-01-19 18:18:30,26,19.5,0,6.5,0,111,111,111,111,111,111,2022-02-22 22:22:22,Nosetting
173729570432300,173729570432300001R,818,Headout,61,Headout,14165,457662,1,2025-01-19 14:08:25,26,19.5,0,6.5,0,111,111,111,111,111,111,2022-02-22 22:22:22,Nosetting
173729546541825,173729546541825002R,818,Headout,61,Headout,14165,457662,1,2025-01-19 14:04:26,26,19.5,0,6.5,0,111,111,111,111,111,111,2022-02-22 22:22:22,Nosetting
173727853968713,173727853968713001R,818,Headout,61,Headout,14165,457662,1,2025-01-19 09:22:20,26,19.5,0,6.5,0,111,111,111,111,111,111,2022-02-22 22:22:22,Nosetting
173731028078861,173731028078861001R,818,Headout,61,Headout,14165,457662,1,2025-01-19 18:11:21,26,19.5,0,6.5,0,111,111,111,111,111,111,2022-02-22 22:22:22,Nosetting
173727987779105,173727987779105002R,818,Headout,61,Headout,14165,457662,1,2025-01-19 09:44:38,26,19.5,0,6.5,0,111,111,111,111,111,111,2022-02-22 22:22:22,Nosetting
173726946243141,173726946243141002R,818,Headout,61,Headout,14165,457662,1,2025-01-19 06:51:03,26,19.5,0,6.5,0,111,111,111,111,111,111,2022-02-22 22:22:22,Nosetting
173731070931601,173731070931601003R,818,Headout,61,Headout,14165,457662,1,2025-01-19 18:18:30,26,19.5,0,6.5,0,111,111,111,111,111,111,2022-02-22 22:22:22,Nosetting
173731028078861,173731028078861005R,818,Headout,61,Headout,14165,457662,1,2025-01-19 18:11:21,26,19.5,0,6.5,0,111,111,111,111,111,111,2022-02-22 22:22:22,Nosetting
173727853968713,173727853968713002R,818,Headout,61,Headout,14165,457662,1,2025-01-19 09:22:20,26,19.5,0,6.5,0,111,111,111,111,111,111,2022-02-22 22:22:22,Nosetting
173726509957503,173726509957503002R,818,Headout,61,Headout,14165,457662,1,2025-01-19 05:38:20,26,19.5,0,6.5,0,111,111,111,111,111,111,2022-02-22 22:22:22,Nosetting
173728051979915,173728051979915002R,818,Headout,61,Headout,14165,457662,1,2025-01-19 09:55:20,26,19.5,0,6.5,0,111,111,111,111,111,111,2022-02-22 22:22:22,Nosetting
173726946243141,173726946243141001R,818,Headout,61,Headout,14165,457662,1,2025-01-19 06:51:03,26,19.5,0,6.5,0,111,111,111,111,111,111,2022-02-22 22:22:22,Nosetting
173729570432300,173729570432300002R,818,Headout,61,Headout,14165,457662,1,2025-01-19 14:08:25,26,19.5,0,6.5,0,111,111,111,111,111,111,2022-02-22 22:22:22,Nosetting
173728163507820,1737281635078209001R,5960,Evan Evans Tours Ltd CMS ,541,Evan Evans,0,0,1,2025-01-19 10:44:19,26.25,0,0,26.25,0,111,111,111,111,111,111,2022-02-22 22:22:22,Nosetting
173730123372844,1737301233728449001R,5960,Evan Evans Tours Ltd CMS ,541,Evan Evans,0,0,1,2025-01-19 15:48:42,22.75,0,0,22.75,0,111,111,111,111,111,111,2022-02-22 22:22:22,Nosetting
173608909512303,1736089095123039001R,5960,Evan Evans Tours Ltd CMS ,541,Evan Evans,0,0,1,2025-01-05 15:02:15,44,0,0,44,0,111,111,111,111,111,111,2022-02-22 22:22:22,Nosetting
173707531188858,1737075311888589001R,5960,Evan Evans Tours Ltd CMS ,541,Evan Evans,0,0,1,2025-01-17 01:19:02,17.25,0,0,17.25,0,111,111,111,111,111,111,2022-02-22 22:22:22,Nosetting
173728056254425,1737280562544259001R,5960,Evan Evans Tours Ltd CMS ,541,Evan Evans,0,0,1,2025-01-19 10:05:37,31,0,0,31,0,111,111,111,111,111,111,2022-02-22 22:22:22,Nosetting
173728496417731,1737284964177319001R,5960,Evan Evans Tours Ltd CMS ,541,Evan Evans,0,0,1,2025-01-19 11:13:40,67.5,0,0,67.5,0,111,111,111,111,111,111,2022-02-22 22:22:22,Nosetting
173728123904838,1737281239048389001R,5960,Evan Evans Tours Ltd CMS ,541,Evan Evans,0,0,1,2025-01-19 10:20:52,17.25,0,0,17.25,0,111,111,111,111,111,111,2022-02-22 22:22:22,Nosetting
173724887074717,173724887074717013R,5960,Evan Evans Tours Ltd CMS ,541,Evan Evans,13805,428900,1,2025-01-19 01:16:08,30,0,0,0,30,111,111,111,111,111,111,2022-02-22 22:22:22,Nosetting
173724887074717,173724887074717014R,5960,Evan Evans Tours Ltd CMS ,541,Evan Evans,13805,428900,1,2025-01-19 01:16:08,30,0,0,0,30,111,111,111,111,111,111,2022-02-22 22:22:22,Nosetting
173729756821951,173729756821951002R,5960,Evan Evans Tours Ltd CMS ,541,Evan Evans,14153,450859,1,2025-01-19 14:46:31,33,0,0,0,33,111,111,111,111,111,111,2022-02-22 22:22:22,Nosetting
173729756821951,173729756821951001R,5960,Evan Evans Tours Ltd CMS ,541,Evan Evans,14153,450859,1,2025-01-19 14:46:31,33,0,0,0,33,111,111,111,111,111,111,2022-02-22 22:22:22,Nosetting
173729756821951,173729756821951003R,5960,Evan Evans Tours Ltd CMS ,541,Evan Evans,14153,450859,1,2025-01-19 14:46:31,33,0,0,0,33,111,111,111,111,111,111,2022-02-22 22:22:22,Nosetting
173729348405228,173729348405228001R,5960,Evan Evans Tours Ltd CMS ,541,Evan Evans,14153,450859,1,2025-01-19 13:32:53,33,0,0,0,33,111,111,111,111,111,111,2022-02-22 22:22:22,Nosetting
