vt_group_no,transaction_id,order_confirm_date,distributorcommission,hotelfeeshouldbe,hotel_id,ticket_id,ticketpriceschedule_id,channel_id,reseller_id,status
173332137406211,173332137406211003R,2025-01-02,0,111,5963,15827,303497,517,541,0
173332137406211,173332137406211002R,2025-01-02,0,111,5963,15827,303497,517,541,0
173332137406211,173332137406211001R,2025-01-02,0,111,5963,15827,303497,517,541,0
173410399829015,173410399829015002R,2025-01-13,58.5,0,722,14015,375135,10,17,0
173410399829015,173410399829015001R,2025-01-13,58.5,0,722,14015,375135,10,17,0
173590834832643,173590834832643002R,2025-01-04,0,111,8942,14126,303552,517,541,0
173590834832643,173590834832643001R,2025-01-04,0,111,8942,14126,303552,517,541,0
172907827049642,172907827049642001R,2025-07-09,33.32,35.7,8423,15590,428505,830,541,0
172907827049642,172907827049642005R,2025-07-09,33.32,35.7,8423,15590,428505,830,541,0
172907827049642,172907827049642003R,2025-07-09,33.32,35.7,8423,15590,428505,830,541,0
172907827049642,172907827049642002R,2025-07-09,33.32,35.7,8423,15590,428505,830,541,0
172907827049642,172907827049642006R,2025-07-09,33.32,35.7,8423,15590,428505,830,541,0
172907827049642,172907827049642004R,2025-07-09,33.32,35.7,8423,15590,428505,830,541,0
173598714876211,173598714876211002R,2025-01-06,0,111,5963,50545,303560,517,541,0
173598714876211,173598714876211001R,2025-01-06,0,111,5963,50545,303560,517,541,0
173532178553952,173532178553952002R,2025-01-03,0,111,5963,14411,187270,517,541,0
173532178553952,173532178553952001R,2025-01-03,0,111,5963,14411,187270,517,541,0
173644387147082,173644387147082003R,2025-01-12,0,111,5960,13829,421820,517,541,0
173596979740783,173596979740783003R,2025-01-26,0,111,5960,13829,421820,517,541,0
173645722106805,173645722106805004R,2025-01-12,0,111,5960,13829,421820,517,541,0
173551790011071,173551790011071005R,2025-01-07,0,111,5960,13829,421820,517,541,0
173621153789239,173621153789239021R,2025-01-12,0,111,5960,13829,421820,517,541,0
173644387147082,173644387147082012R,2025-01-12,0,111,5960,13829,421820,517,541,0
173621153789239,173621153789239003R,2025-01-12,0,111,5960,13829,421820,517,541,0
173551790011071,173551790011071020R,2025-01-07,0,111,5960,13829,421820,517,541,0
173644387147082,173644387147082021R,2025-01-12,0,111,5960,13829,421820,517,541,0
173669426059757,173669426059757005R,2025-01-14,0,111,5960,13829,421820,517,541,0
173599474463414,173599474463414801R,2025-01-04,0,111,7718,14153,0,830,541,0
173332137406211,173332137406211005R,2025-01-02,0,111,5963,15827,303499,517,541,0
172380745238629,172380745238629001R,2025-01-27,24.75,111,44587,15569,411331,830,541,0
172380745238629,172380745238629011R,2025-01-27,24.75,111,44587,15569,411331,830,541,0
173408661852566,173408661852566001R,2025-01-03,45,0,457,14015,375135,12,15,0
173408661852566,173408661852566002R,2025-01-03,45,0,457,14015,375135,12,15,0
173265003124759,173265003124759005R,2025-01-20,0,111,5960,15569,427014,517,541,0
172978812937621,172978812937621001R,2025-01-06,0,111,5963,15569,427014,517,541,0
173265003124759,173265003124759003R,2025-01-20,0,111,5960,15569,427014,517,541,0
173265003124759,173265003124759028R,2025-01-20,0,111,5960,15569,427014,517,541,0
173265003124759,173265003124759029R,2025-01-20,0,111,5960,15569,427014,517,541,0
173265003124759,173265003124759004R,2025-01-20,0,111,5960,15569,427014,517,541,0
173541981212406,173541981212406012R,2025-01-17,0,111,5960,15569,427014,517,541,0
173467381034253,173467381034253001R,2025-01-13,0,111,5960,15569,427014,517,541,0
173711327377188,173711327377188002R,2025-01-19,0,111,5960,15569,427014,517,541,0
173541981212406,173541981212406002R,2025-01-17,0,111,5960,15569,427014,517,541,0
173265003124759,173265003124759030R,2025-01-20,0,111,5960,15569,427014,517,541,0
173469705127752,173469705127752006R,2025-01-13,0,111,5960,15569,427014,517,541,0
173711327377188,173711327377188001R,2025-01-19,0,111,5960,15569,427014,517,541,0
173469705127752,173469705127752001R,2025-01-13,0,111,5960,15569,427014,517,541,0
173467381034253,173467381034253006R,2025-01-13,0,111,5960,15569,427014,517,541,0
173341694651390,173341694651390002R,2025-01-29,22.77,24.75,6458,61395,414992,830,541,0
173341694651390,173341694651390001R,2025-01-29,22.77,24.75,6458,61395,414992,830,541,0
173564385506486,173564385506486001R,2025-01-02,121.5,145.8,6281,61384,339246,830,541,0
172907827049642,172907827049642049R,2025-01-16,31.25,37.5,8423,13931,339573,830,541,0
172907827049642,172907827049642043R,2025-01-16,31.25,37.5,8423,13931,339573,830,541,0
173590834832643,173590834832643003R,2025-01-06,0,111,8942,14660,303493,517,541,0
173590834832643,173590834832643004R,2025-01-06,0,111,8942,14660,303493,517,541,0
173391711964177,173391711964177001R,2025-01-24,0,111,5960,15569,427017,517,541,0
173649829686860,173649829686860021R,2025-01-12,0,111,5963,15569,427017,517,541,0
173720757422788,173720757422788001R,2025-01-19,0,111,5963,15569,427017,517,541,0
173649829686860,173649829686860022R,2025-01-12,0,111,5963,15569,427017,517,541,0
173649829686860,173649829686860002R,2025-01-12,0,111,5963,15569,427017,517,541,0
173649829686860,173649829686860011R,2025-01-10,0,111,5963,15569,427017,517,541,0
173649829686860,173649829686860001R,2025-01-12,0,111,5963,15569,427017,517,541,0
173265003124759,173265003124759027R,2025-01-20,0,111,5960,15569,427017,517,541,0
173336141485107,173336141485107001R,2025-01-13,0,111,5960,15569,427017,517,541,0
173265003124759,173265003124759002R,2025-01-20,0,111,5960,15569,427017,517,541,0
173687129396002,173687129396002001R,2025-01-19,0,111,5960,15569,427017,517,541,0
173613129294544,173613129294544001R,2025-01-10,0,111,5960,15569,427017,517,541,0
173541981212406,173541981212406001R,2025-01-17,0,111,5960,15569,427017,517,541,0
173613129294544,173613129294544006R,2025-01-10,0,111,5960,15569,427017,517,541,0
173541981212406,173541981212406011R,2025-01-17,0,111,5960,15569,427017,517,541,0
173265003124759,173265003124759026R,2025-01-20,0,111,5960,15569,427017,517,541,0
173582238775781,173582238775781001R,2025-01-06,0,111,5960,15569,427017,517,541,0
173265003124759,173265003124759001R,2025-01-20,0,111,5960,15569,427017,517,541,0
173687129396002,173687129396002002R,2025-01-19,0,111,5960,15569,427017,517,541,0
173649829686860,173649829686860012R,2025-01-10,0,111,5963,15569,427017,517,541,0
173336141485107,173336141485107006R,2025-01-13,0,111,5960,15569,427017,517,541,0
173582238775781,173582238775781002R,2025-01-06,0,111,5960,15569,427017,517,541,0
173720757422788,173720757422788002R,2025-01-19,0,111,5963,15569,427017,517,541,0
173238444832542,173238444832542001R,2025-01-01,0,111,5960,13805,428903,517,541,0
173238444832542,173238444832542005R,2025-01-01,0,111,5960,13805,428903,517,541,0
173238444832542,173238444832542002R,2025-01-01,0,111,5960,13805,428903,517,541,0
173238444832542,173238444832542006R,2025-01-01,0,111,5960,13805,428903,517,541,0
173564124794118,173564124794118004R,2025-01-02,0,2.4,51421,14447,303519,830,541,0
172487356149970,172487356149970002R,2025-01-11,375,111,5960,15038,403838,517,541,0
172487356149970,172487356149970004R,2025-01-11,375,111,5960,15038,403838,517,541,0
172487356149970,172487356149970001R,2025-01-11,375,111,5960,15038,403838,517,541,0
172487356149970,172487356149970003R,2025-01-11,375,111,5960,15038,403838,517,541,0
173375488022690,173375488022690001R,2025-01-04,45,111,6458,14015,375135,830,541,0
173375488022690,173375488022690003R,2025-01-04,45,111,6458,14015,375135,830,541,0
173375488022690,173375488022690002R,2025-01-04,45,111,6458,14015,375135,830,541,0
173500738738137,173500738738137003R,2025-01-18,0,111,5960,84094,429222,517,541,0
173621153789239,173621153789239011R,2025-01-12,0,111,5960,13829,421818,517,541,0
173632103406837,173632103406837002R,2025-01-26,0,111,5960,13829,421818,517,541,0
173634594825840,173634594825840001R,2025-01-13,0,111,5960,13829,421818,517,541,0
173645722106805,173645722106805001R,2025-01-12,0,111,5960,13829,421818,517,541,0
173583093587683,173583093587683007R,2025-01-19,0,111,5960,13829,421818,517,541,0
173740772503128,173740772503128002R,2025-01-28,0,111,5960,13829,421818,517,541,0
173124955290385,173124955290385001R,2025-01-03,0,111,5960,13829,421818,517,541,0
173150405381311,173150405381311005R,2025-01-06,0,111,5963,13829,421818,517,541,0
172965746739649,172965746739649001R,2025-01-03,0,111,5960,13829,421818,517,541,0
173686633581038,173686633581038001R,2025-01-17,0,111,5960,13829,421818,517,541,0
173676981615092,173676981615092002R,2025-01-27,0,111,5960,13829,421818,517,541,0
173667139864346,173667139864346001R,2025-01-17,0,111,5960,13829,421818,517,541,0
173021089973995,173021089973995001R,2025-01-04,0,111,5960,13829,421818,517,541,0
173391002035512,173391002035512078R,2025-01-18,0,111,5963,13829,421818,517,541,0
172977106391680,172977106391680014R,2025-01-03,0,111,5963,13829,421818,517,541,0
173020674490033,173020674490033017R,2025-01-05,0,111,5960,13829,421818,517,541,0
173151311685541,173151311685541003R,2025-01-07,0,111,8942,13829,421818,517,541,0
172950020195540,172950020195540028R,2025-01-03,0,111,5960,13829,421818,517,541,0
173389321163749,173389321163749020R,2025-01-19,0,111,5960,13829,421818,517,541,0
173590569491988,173590569491988003R,2025-01-18,0,111,5960,13829,421818,517,541,0
173150405381311,173150405381311004R,2025-01-06,0,111,5963,13829,421818,517,541,0
173625726686325,173625726686325002R,2025-01-10,0,111,5960,13829,421818,517,541,0
173607803087711,173607803087711001R,2025-01-07,0,111,5960,13829,421818,517,541,0
173561942088638,173561942088638001R,2025-01-19,0,111,5960,13829,421818,517,541,0
173409390818677,173409390818677002R,2025-01-25,0,111,5960,13829,421818,517,541,0
172841621389963,172841621389963001R,2025-01-01,0,111,5960,13829,421818,517,541,0
173213017926790,173213017926790001R,2025-01-05,0,111,5960,13829,421818,517,541,0
173593156164727,173593156164727001R,2025-01-06,0,111,5960,13829,421818,517,541,0
173533704273054,173533704273054001R,2025-01-28,0,111,5960,13829,421818,517,541,0
173020674490033,173020674490033011R,2025-01-05,0,111,5960,13829,421818,517,541,0
172977106391680,172977106391680016R,2025-01-03,0,111,5963,13829,421818,517,541,0
173676981615092,173676981615092007R,2025-01-27,0,111,5960,13829,421818,517,541,0
173727769492213,173727769492213004R,2025-01-26,0,111,5960,13829,421818,517,541,0
173658008153349,173658008153349001R,2025-01-12,0,111,5960,13829,421818,517,541,0
173583093587683,173583093587683001R,2025-01-19,0,111,5960,13829,421818,517,541,0
173150405381311,173150405381311003R,2025-01-06,0,111,5963,13829,421818,517,541,0
173728123904838,173728123904838001R,2025-01-27,0,111,5960,13829,421818,517,541,0
173545060652460,173545060652460001R,2025-01-07,0,111,5960,13829,421818,517,541,0
173724005948106,173724005948106001R,2025-01-27,0,111,5960,13829,421818,517,541,0
173634594825840,173634594825840014R,2025-01-13,0,111,5960,13829,421818,517,541,0
173333695026582,173333695026582007R,2025-01-04,0,111,5960,13829,421818,517,541,0
173020674490033,173020674490033018R,2025-01-05,0,111,5960,13829,421818,517,541,0
172969333780561,172969333780561106R,2025-01-05,0,111,5963,13829,421818,517,541,0
173621153789239,173621153789239002R,2025-01-12,0,111,5960,13829,421818,517,541,0
172993145975715,172993145975715001R,2025-01-04,0,111,5960,13829,421818,517,541,0
172993145975715,172993145975715013R,2025-01-04,0,111,5960,13829,421818,517,541,0
172977106391680,172977106391680015R,2025-01-03,0,111,5963,13829,421818,517,541,0
173583093587683,173583093587683002R,2025-01-19,0,111,5960,13829,421818,517,541,0
173695353356908,173695353356908003R,2025-01-27,0,111,5960,13829,421818,517,541,0
173626564880808,173626564880808002R,2025-01-13,0,111,5960,13829,421818,517,541,0
173150405381311,173150405381311016R,2025-01-06,0,111,5963,13829,421818,517,541,0
172978968779669,172978968779669004R,2025-01-04,0,111,5960,13829,421818,517,541,0
173506293177652,173506293177652001R,2025-01-07,0,111,5960,13829,421818,517,541,0
172958707594171,172958707594171001R,2025-01-03,0,111,5960,13829,421818,517,541,0
173368070344718,173368070344718002R,2025-01-19,0,111,5960,13829,421818,517,541,0
173757754562944,173757754562944001R,2025-01-27,0,111,5960,13829,421818,517,541,0
173389321163749,173389321163749004R,2025-01-25,0,111,5960,13829,421818,517,541,0
173129215527494,173129215527494001R,2025-01-02,0,111,5960,13829,421818,517,541,0
172969333780561,172969333780561091R,2025-01-05,0,111,5963,13829,421818,517,541,0
173332662455672,173332662455672004R,2025-01-04,0,111,5963,13829,421818,517,541,0
173389321163749,173389321163749033R,2025-01-25,0,111,5960,13829,421818,517,541,0
173666014378134,173666014378134002R,2025-01-17,0,111,5960,13829,421818,517,541,0
173626564880808,173626564880808001R,2025-01-13,0,111,5960,13829,421818,517,541,0
172969333780561,172969333780561005R,2025-01-05,0,111,5963,13829,421818,517,541,0
173667474513569,173667474513569002R,2025-01-26,0,111,5960,13829,421818,517,541,0
173596979740783,173596979740783001R,2025-01-26,0,111,5960,13829,421818,517,541,0
173047052661449,173047052661449002R,2025-01-12,0,111,5960,13829,421818,517,541,0
173279435141652,173279435141652001R,2025-01-18,0,111,5960,13829,421818,517,541,0
173523836251923,173523836251923001R,2025-01-19,0,111,5960,13829,421818,517,541,0
173620051809096,173620051809096003R,2025-01-10,0,111,5960,13829,421818,517,541,0
173732172533444,173732172533444001R,2025-01-27,0,111,5960,13829,421818,517,541,0
173559705685372,173559705685372002R,2025-01-17,0,111,5960,13829,421818,517,541,0
173220091444262,173220091444262001R,2025-01-11,0,111,5960,13829,421818,517,541,0
173486928216006,173486928216006001R,2025-01-05,0,111,5960,13829,421818,517,541,0
173150405381311,173150405381311021R,2025-01-06,0,111,5963,13829,421818,517,541,0
173634594825840,173634594825840002R,2025-01-13,0,111,5960,13829,421818,517,541,0
173584856359526,173584856359526001R,2025-01-08,0,111,5960,13829,421818,517,541,0
173620051809096,173620051809096001R,2025-01-10,0,111,5960,13829,421818,517,541,0
173204138489583,173204138489583002R,2025-01-25,0,111,5960,13829,421818,517,541,0
173594400967668,173594400967668001R,2025-01-19,0,111,5960,13829,421818,517,541,0
173644387147082,173644387147082011R,2025-01-12,0,111,5960,13829,421818,517,541,0
173575479294369,173575479294369001R,2025-01-17,0,111,5960,13829,421818,517,541,0
173036240763984,173036240763984001R,2025-01-04,0,111,5960,13829,421818,517,541,0
173556855551406,173556855551406025R,2025-01-07,0,111,5960,13829,421818,517,541,0
173228104709355,173228104709355013R,2025-01-06,0,111,5960,13829,421818,517,541,0
173150405381311,173150405381311013R,2025-01-06,0,111,5963,13829,421818,517,541,0
173495804603883,173495804603883002R,2025-01-06,0,111,5960,13829,421818,517,541,0
173644387147082,173644387147082020R,2025-01-12,0,111,5960,13829,421818,517,541,0
173646332234282,173646332234282002R,2025-01-26,0,111,5960,13829,421818,517,541,0
173057389721178,173057389721178001R,2025-01-03,0,111,5960,13829,421818,517,541,0
173429781429527,173429781429527001R,2025-01-25,0,111,5960,13829,421818,517,541,0
173429781429527,173429781429527008R,2025-02-01,0,111,5960,13829,421818,517,541,0
173626564880808,173626564880808025R,2025-01-13,0,111,5960,13829,421818,517,541,0
173702359632999,173702359632999002R,2025-01-17,0,111,5960,13829,421818,517,541,0
173695167735449,173695167735449002R,2025-01-27,0,111,5960,13829,421818,517,541,0
173305140860104,173305140860104001R,2025-01-14,0,111,5960,13829,421818,517,541,0
172977106391680,172977106391680034R,2025-01-03,0,111,5960,13829,421818,517,541,0
172950020195540,172950020195540003R,2025-01-03,0,111,5963,13829,421818,517,541,0
173666014378134,173666014378134001R,2025-01-17,0,111,5960,13829,421818,517,541,0
173699306751184,173699306751184002R,2025-01-27,0,111,5960,13829,421818,517,541,0
173583093587683,173583093587683008R,2025-01-19,0,111,5960,13829,421818,517,541,0
172940379826243,172940379826243002R,2025-01-02,0,111,5960,13829,421818,517,541,0
173590728495598,173590728495598002R,2025-01-07,0,111,5960,13829,421818,517,541,0
173616020114638,173616020114638002R,2025-01-19,0,111,5960,13829,421818,517,541,0
172762011950346,172762011950346002R,2025-01-01,0,111,5960,13829,421818,517,541,0
173542531097189,173542531097189001R,2025-01-13,0,111,5960,13829,421818,517,541,0
172950020195540,172950020195540013R,2025-01-03,0,111,5963,13829,421818,517,541,0
173464867513069,173464867513069001R,2025-01-11,0,111,5960,13829,421818,517,541,0
173699306751184,173699306751184001R,2025-01-27,0,111,5960,13829,421818,517,541,0
173574343671941,173574343671941001R,2025-01-19,0,111,5960,13829,421818,517,541,0
172969333780561,172969333780561001R,2025-01-05,0,111,5963,13829,421818,517,541,0
173055034561551,173055034561551001R,2025-01-04,0,111,5960,13829,421818,517,541,0
173539417825632,173539417825632002R,2025-01-18,0,111,5960,13829,421818,517,541,0
173291130412716,173291130412716002R,2025-01-06,0,111,5960,13829,421818,517,541,0
173695353356908,173695353356908002R,2025-01-27,0,111,5960,13829,421818,517,541,0
172978968779669,172978968779669003R,2025-01-04,0,111,5960,13829,421818,517,541,0
173651632987205,173651632987205001R,2025-01-14,0,111,48832,13829,421818,517,541,0
172989208307863,172989208307863002R,2025-01-02,0,111,5960,13829,421818,517,541,0
173617555331055,173617555331055002R,2025-01-19,0,111,5960,13829,421818,517,541,0
173030641942544,173030641942544002R,2025-01-04,0,111,5960,13829,421818,517,541,0
173580142689327,173580142689327002R,2025-01-13,0,111,5960,13829,421818,517,541,0
173160178846992,173160178846992002R,2025-01-05,0,111,5963,13829,421818,517,541,0
173160178846992,173160178846992001R,2025-01-05,0,111,5963,13829,421818,517,541,0
172969333780561,172969333780561115R,2025-01-05,0,111,5963,13829,421818,517,541,0
173556158433699,173556158433699002R,2025-01-03,0,111,5960,13829,421818,517,541,0
172977106391680,172977106391680004R,2025-01-03,0,111,5963,13829,421818,517,541,0
172958707594171,172958707594171003R,2025-01-03,0,111,5960,13829,421818,517,541,0
172934334778485,172934334778485002R,2025-01-02,0,111,5960,13829,421818,517,541,0
172969333780561,172969333780561007R,2025-01-05,0,111,5963,13829,421818,517,541,0
172969333780561,172969333780561035R,2025-01-05,0,111,5963,13829,421818,517,541,0
173707531188858,173707531188858001R,2025-01-26,0,111,5960,13829,421818,517,541,0
172950020195540,172950020195540015R,2025-01-03,0,111,5963,13829,421818,517,541,0
173368070344718,173368070344718001R,2025-01-19,0,111,5960,13829,421818,517,541,0
173150405381311,173150405381311006R,2025-01-06,0,111,5963,13829,421818,517,541,0
173644387147082,173644387147082001R,2025-01-12,0,111,5960,13829,421818,517,541,0
173374524984083,173374524984083001R,2025-01-07,0,111,5960,13829,421818,517,541,0
172969333780561,172969333780561118R,2025-01-05,0,111,5963,13829,421818,517,541,0
173453058334888,173453058334888001R,2025-01-05,0,111,5960,13829,421818,517,541,0
172977106391680,172977106391680031R,2025-01-03,0,111,5960,13829,421818,517,541,0
173391002035512,173391002035512001R,2025-01-18,0,111,5963,13829,421818,517,541,0
172969333780561,172969333780561088R,2025-01-05,0,111,5963,13829,421818,517,541,0
173745126679980,173745126679980001R,2025-01-27,0,111,5960,13829,421818,517,541,0
173389321163749,173389321163749002R,2025-01-25,0,111,5960,13829,421818,517,541,0
173150405381311,173150405381311011R,2025-01-06,0,111,5963,13829,421818,517,541,0
173791630917844,173791630917844002R,2025-01-28,0,111,5960,13829,421818,517,541,0
172885792119753,172885792119753002R,2025-01-02,0,111,5960,13829,421818,517,541,0
172969333780561,172969333780561082R,2025-01-05,0,111,5963,13829,421818,517,541,0
173641494630580,173641494630580002R,2025-01-26,0,111,5960,13829,421818,517,541,0
173634594825840,173634594825840007R,2025-01-13,0,111,5960,13829,421818,517,541,0
173429781429527,173429781429527014R,2025-01-25,0,111,5960,13829,421818,517,541,0
173031780524871,173031780524871001R,2025-01-04,0,111,5960,13829,421818,517,541,0
173151311685541,173151311685541001R,2025-01-07,0,111,8942,13829,421818,517,541,0
173523836251923,173523836251923002R,2025-01-19,0,111,5960,13829,421818,517,541,0
173685383564599,173685383564599001R,2025-01-16,0,111,5960,13829,421818,517,541,0
172969333780561,172969333780561100R,2025-01-05,0,111,5963,13829,421818,517,541,0
172977106391680,172977106391680001R,2025-01-03,0,111,5963,13829,421818,517,541,0
172989208307863,172989208307863001R,2025-01-02,0,111,5960,13829,421818,517,541,0
172969333780561,172969333780561028R,2025-01-05,0,111,5963,13829,421818,517,541,0
173745462346883,173745462346883001R,2025-01-28,0,111,5960,13829,421818,517,541,0
173420933225699,173420933225699001R,2025-01-25,0,111,5960,13829,421818,517,541,0
173686645355802,173686645355802001R,2025-01-26,0,111,5960,13829,421818,517,541,0
173389321163749,173389321163749016R,2025-01-19,0,111,5960,13829,421818,517,541,0
172958707594171,172958707594171002R,2025-01-03,0,111,5960,13829,421818,517,541,0
172977106391680,172977106391680003R,2025-01-03,0,111,5963,13829,421818,517,541,0
172915678865458,172915678865458001R,2025-01-02,0,111,5963,13829,421818,517,541,0
173757754562944,173757754562944002R,2025-01-27,0,111,5960,13829,421818,517,541,0
172993145975715,172993145975715014R,2025-01-04,0,111,5960,13829,421818,517,541,0
173150405381311,173150405381311022R,2025-01-06,0,111,5963,13829,421818,517,541,0
173150405381311,173150405381311008R,2025-01-06,0,111,5963,13829,421818,517,541,0
173626564880808,173626564880808026R,2025-01-13,0,111,5960,13829,421818,517,541,0
173772317987819,173772317987819002R,2025-01-28,0,111,5960,13829,421818,517,541,0
173559705685372,173559705685372001R,2025-01-17,0,111,5960,13829,421818,517,541,0
173539417825632,173539417825632001R,2025-01-18,0,111,5960,13829,421818,517,541,0
173366487105333,173366487105333001R,2025-01-07,0,111,5960,13829,421818,517,541,0
173661271935691,173661271935691001R,2025-01-17,0,111,5960,13829,421818,517,541,0
173805203093589,173805203093589001R,2025-01-29,0,111,5960,13829,421818,517,541,0
172969333780561,172969333780561034R,2025-01-05,0,111,5963,13829,421818,517,541,0
172969333780561,172969333780561076R,2025-01-05,0,111,5963,13829,421818,517,541,0
173602958087277,173602958087277002R,2025-01-07,0,111,5960,13829,421818,517,541,0
172965746739649,172965746739649003R,2025-01-03,0,111,5960,13829,421818,517,541,0
173150405381311,173150405381311012R,2025-01-06,0,111,5963,13829,421818,517,541,0
173264358853613,173264358853613001R,2025-01-03,0,111,5960,13829,421818,517,541,0
173374524984083,173374524984083002R,2025-01-07,0,111,5960,13829,421818,517,541,0
173389321163749,173389321163749034R,2025-01-25,0,111,5960,13829,421818,517,541,0
173695353356908,173695353356908001R,2025-01-27,0,111,5960,13829,421818,517,541,0
173279435141652,173279435141652002R,2025-01-18,0,111,5960,13829,421818,517,541,0
173333695026582,173333695026582002R,2025-01-04,0,111,5960,13829,421818,517,541,0
172827551712365,172827551712365001R,2025-01-02,0,111,5960,13829,421818,517,541,0
172969333780561,172969333780561055R,2025-01-05,0,111,5963,13829,421818,517,541,0
173701760494984,173701760494984002R,2025-01-17,0,111,5960,13829,421818,517,541,0
173389321163749,173389321163749019R,2025-01-19,0,111,5960,13829,421818,517,541,0
173081512357973,173081512357973001R,2025-01-03,0,111,5960,13829,421818,517,541,0
173582902678232,173582902678232002R,2025-01-07,0,111,5960,13829,421818,517,541,0
173702359632999,173702359632999001R,2025-01-17,0,111,5960,13829,421818,517,541,0
173764332832632,173764332832632001R,2025-01-27,0,111,5960,13829,421818,517,541,0
173501685826291,173501685826291002R,2025-01-07,0,111,5960,13829,421818,517,541,0
173429781429527,173429781429527002R,2025-01-25,0,111,5960,13829,421818,517,541,0
172949269291725,172949269291725002R,2025-01-03,0,111,5960,13829,421818,517,541,0
173693882139940,173693882139940001R,2025-01-18,0,111,5963,13829,421818,517,541,0
173667139864346,173667139864346002R,2025-01-17,0,111,5960,13829,421818,517,541,0
173359844775323,173359844775323001R,2025-01-19,0,111,5960,13829,421818,517,541,0
173696526492254,173696526492254002R,2025-01-17,0,111,5960,13829,421818,517,541,0
173621153789239,173621153789239019R,2025-01-12,0,111,5960,13829,421818,517,541,0
173632815203601,173632815203601001R,2025-01-26,0,111,5960,13829,421818,517,541,0
173389321163749,173389321163749001R,2025-01-25,0,111,5960,13829,421818,517,541,0
173661271935691,173661271935691002R,2025-01-17,0,111,5960,13829,421818,517,541,0
173644387147082,173644387147082002R,2025-01-12,0,111,5960,13829,421818,517,541,0
173667474513569,173667474513569001R,2025-01-26,0,111,5960,13829,421818,517,541,0
173701760494984,173701760494984001R,2025-01-17,0,111,5960,13829,421818,517,541,0
172987415527233,172987415527233002R,2025-01-05,0,111,5963,13829,421818,517,541,0
172969333780561,172969333780561109R,2025-01-05,0,111,5963,13829,421818,517,541,0
173491571541367,173491571541367001R,2025-01-06,0,111,5960,13829,421818,517,541,0
173688623215740,173688623215740001R,2025-01-17,0,111,5960,13829,421818,517,541,0
172969333780561,172969333780561070R,2025-01-05,0,111,5963,13829,421818,517,541,0
172969333780561,172969333780561030R,2025-01-05,0,111,5963,13829,421818,517,541,0
173391002035512,173391002035512037R,2025-01-18,0,111,5963,13829,421818,517,541,0
173771199395628,173771199395628002R,2025-01-27,0,111,5960,13829,421818,517,541,0
173150405381311,173150405381311019R,2025-01-06,0,111,5963,13829,421818,517,541,0
172915678865458,172915678865458007R,2025-01-02,0,111,5963,13829,421818,517,541,0
172948113427372,172948113427372001R,2025-01-03,0,111,5960,13829,421818,517,541,0
173757829910700,173757829910700001R,2025-01-28,0,111,5960,13829,421818,517,541,0
172969333780561,172969333780561094R,2025-01-05,0,111,5963,13829,421818,517,541,0
173658008153349,173658008153349002R,2025-01-12,0,111,5960,13829,421818,517,541,0
173627124268757,173627124268757003R,2025-01-10,0,111,5960,13829,421818,517,541,0
172977106391680,172977106391680013R,2025-01-03,0,111,5963,13829,421818,517,541,0
173745126679980,173745126679980002R,2025-01-27,0,111,5960,13829,421818,517,541,0
173683435509225,173683435509225001R,2025-01-17,0,111,5960,13829,421818,517,541,0
173667353882679,173667353882679001R,2025-01-18,0,111,5960,13829,421818,517,541,0
173740772503128,173740772503128001R,2025-01-28,0,111,5960,13829,421818,517,541,0
172944936344236,172944936344236001R,2025-01-03,0,111,5960,13829,421818,517,541,0
173054834871797,173054834871797002R,2025-01-04,0,111,5960,13829,421818,517,541,0
173628472274619,173628472274619002R,2025-01-25,0,111,5960,13829,421818,517,541,0
173749317652158,173749317652158001R,2025-01-27,0,111,5960,13829,421818,517,541,0
173551790011071,173551790011071018R,2025-01-07,0,111,5960,13829,421818,517,541,0
173615763942671,173615763942671001R,2025-01-19,0,111,5960,13829,421818,517,541,0
172915678865458,172915678865458013R,2025-01-02,0,111,5960,13829,421818,517,541,0
173055034561551,173055034561551002R,2025-01-04,0,111,5960,13829,421818,517,541,0
173391002035512,173391002035512003R,2025-01-18,0,111,5963,13829,421818,517,541,0
172915678865458,172915678865458014R,2025-01-02,0,111,5960,13829,421818,517,541,0
173580142689327,173580142689327001R,2025-01-13,0,111,5960,13829,421818,517,541,0
173054834871797,173054834871797001R,2025-01-04,0,111,5960,13829,421818,517,541,0
173036370524614,173036370524614002R,2025-01-04,0,111,5960,13829,421818,517,541,0
173687287318534,173687287318534002R,2025-01-17,0,111,5963,13829,421818,517,541,0
173389321163749,173389321163749035R,2025-01-25,0,111,5960,13829,421818,517,541,0
172915678865458,172915678865458002R,2025-01-02,0,111,5963,13829,421818,517,541,0
173497750561188,173497750561188001R,2025-01-07,0,111,5960,13829,421818,517,541,0
173389321163749,173389321163749031R,2025-01-25,0,111,5960,13829,421818,517,541,0
173712482125646,173712482125646003R,2025-01-26,0,111,5960,13829,421818,517,541,0
173551947529410,173551947529410004R,2025-01-07,0,111,5960,13829,421818,517,541,0
173036370524614,173036370524614003R,2025-01-04,0,111,5960,13829,421818,517,541,0
173662104984266,173662104984266001R,2025-01-17,0,111,5960,13829,421818,517,541,0
172969333780561,172969333780561067R,2025-01-05,0,111,5963,13829,421818,517,541,0
173617555331055,173617555331055001R,2025-01-19,0,111,5960,13829,421818,517,541,0
173784259851598,173784259851598002R,2025-01-28,0,111,5960,13829,421818,517,541,0
173486928216006,173486928216006002R,2025-01-05,0,111,5960,13829,421818,517,541,0
173590728495598,173590728495598001R,2025-01-07,0,111,5960,13829,421818,517,541,0
172841621389963,172841621389963002R,2025-01-01,0,111,5960,13829,421818,517,541,0
173634594825840,173634594825840008R,2025-01-13,0,111,5960,13829,421818,517,541,0
173559705685372,173559705685372003R,2025-01-17,0,111,5960,13829,421818,517,541,0
173583972324426,173583972324426001R,2025-01-13,0,111,5960,13829,421818,517,541,0
173020674490033,173020674490033003R,2025-01-05,0,111,5960,13829,421818,517,541,0
173596979740783,173596979740783002R,2025-01-26,0,111,5960,13829,421818,517,541,0
173556855551406,173556855551406014R,2025-01-07,0,111,5960,13829,421818,517,541,0
173599962192102,173599962192102003R,2025-01-07,0,111,5960,13829,421818,517,541,0
173772317987819,173772317987819003R,2025-01-28,0,111,5960,13829,421818,517,541,0
173669426059757,173669426059757001R,2025-01-14,0,111,5960,13829,421818,517,541,0
172969333780561,172969333780561036R,2025-01-05,0,111,5963,13829,421818,517,541,0
173608909512303,173608909512303002R,2025-01-19,0,111,5960,13829,421818,517,541,0
172895639669871,172895639669871001R,2025-01-02,0,111,5960,13829,421818,517,541,0
172969333780561,172969333780561112R,2025-01-05,0,111,5963,13829,421818,517,541,0
173391002035512,173391002035512038R,2025-01-18,0,111,5963,13829,421818,517,541,0
172948113427372,172948113427372002R,2025-01-03,0,111,5960,13829,421818,517,541,0
173533704273054,173533704273054002R,2025-01-28,0,111,5960,13829,421818,517,541,0
173621153789239,173621153789239020R,2025-01-12,0,111,5960,13829,421818,517,541,0
173332662455672,173332662455672001R,2025-01-04,0,111,5963,13829,421818,517,541,0
173584905849702,173584905849702002R,2025-01-12,0,111,5960,13829,421818,517,541,0
172918727163108,172918727163108001R,2025-01-02,0,111,5960,13829,421818,517,541,0
172969333780561,172969333780561073R,2025-01-05,0,111,5963,13829,421818,517,541,0
173429781429527,173429781429527007R,2025-02-01,0,111,5960,13829,421818,517,541,0
173014828278960,173014828278960002R,2025-01-04,0,111,5960,13829,421818,517,541,0
173651632987205,173651632987205004R,2025-01-14,0,111,48832,13829,421818,517,541,0
173763436735274,173763436735274001R,2025-01-25,0,111,48832,13829,421818,517,541,0
173556855551406,173556855551406002R,2025-01-07,0,111,5960,13829,421818,517,541,0
173626564880808,173626564880808013R,2025-01-13,0,111,5960,13829,421818,517,541,0
173556855551406,173556855551406001R,2025-01-07,0,111,5960,13829,421818,517,541,0
173291130412716,173291130412716001R,2025-01-06,0,111,5960,13829,421818,517,541,0
173495804603883,173495804603883003R,2025-01-06,0,111,5960,13829,421818,517,541,0
173593104519630,173593104519630001R,2025-01-06,0,111,5960,13829,421818,517,541,0
173757828581733,173757828581733001R,2025-01-27,0,111,5960,13829,421818,517,541,0
172986636747235,172986636747235001R,2025-01-03,0,111,5960,13829,421818,517,541,0
173551947529410,173551947529410001R,2025-01-07,0,111,5960,13829,421818,517,541,0
173641494630580,173641494630580001R,2025-01-26,0,111,5960,13829,421818,517,541,0
173620051809096,173620051809096002R,2025-01-10,0,111,5960,13829,421818,517,541,0
173551790011071,173551790011071016R,2025-01-07,0,111,5960,13829,421818,517,541,0
173771199395628,173771199395628001R,2025-01-27,0,111,5960,13829,421818,517,541,0
173057389721178,173057389721178004R,2025-01-03,0,111,5960,13829,421818,517,541,0
173628472274619,173628472274619001R,2025-01-25,0,111,5960,13829,421818,517,541,0
173584856359526,173584856359526002R,2025-01-08,0,111,5960,13829,421818,517,541,0
173036370524614,173036370524614001R,2025-01-04,0,111,5960,13829,421818,517,541,0
173712482125646,173712482125646001R,2025-01-26,0,111,5960,13829,421818,517,541,0
172969333780561,172969333780561029R,2025-01-05,0,111,5963,13829,421818,517,541,0
173791630917844,173791630917844001R,2025-01-28,0,111,5960,13829,421818,517,541,0
172915678865458,172915678865458008R,2025-01-02,0,111,5963,13829,421818,517,541,0
172941687156152,172941687156152002R,2025-01-02,0,111,5960,13829,421818,517,541,0
172977106391680,172977106391680028R,2025-01-03,0,111,5960,13829,421818,517,541,0
173389321163749,173389321163749017R,2025-01-19,0,111,5960,13829,421818,517,541,0
173150405381311,173150405381311014R,2025-01-06,0,111,5963,13829,421818,517,541,0
173561942088638,173561942088638002R,2025-01-19,0,111,5960,13829,421818,517,541,0
173590569491988,173590569491988001R,2025-01-18,0,111,5960,13829,421818,517,541,0
172969333780561,172969333780561033R,2025-01-05,0,111,5963,13829,421818,517,541,0
173668433390445,173668433390445001R,2025-01-27,0,111,5960,13829,421818,517,541,0
172993145975715,172993145975715002R,2025-01-04,0,111,5960,13829,421818,517,541,0
172978968779669,172978968779669001R,2025-01-04,0,111,5960,13829,421818,517,541,0
172918727163108,172918727163108002R,2025-01-02,0,111,5960,13829,421818,517,541,0
173389321163749,173389321163749003R,2025-01-25,0,111,5960,13829,421818,517,541,0
173621153789239,173621153789239010R,2025-01-12,0,111,5960,13829,421818,517,541,0
172762011950346,172762011950346001R,2025-01-01,0,111,5960,13829,421818,517,541,0
173389321163749,173389321163749018R,2025-01-19,0,111,5960,13829,421818,517,541,0
173590569491988,173590569491988002R,2025-01-18,0,111,5960,13829,421818,517,541,0
173475210716373,173475210716373002R,2025-01-26,0,111,5960,13829,421818,517,541,0
173497750561188,173497750561188002R,2025-01-07,0,111,5960,13829,421818,517,541,0
173621153789239,173621153789239001R,2025-01-12,0,111,5960,13829,421818,517,541,0
173391002035512,173391002035512004R,2025-01-18,0,111,5963,13829,421818,517,541,0
172969333780561,172969333780561103R,2025-01-05,0,111,5963,13829,421818,517,541,0
173333695026582,173333695026582008R,2025-01-04,0,111,5960,13829,421818,517,541,0
173574343671941,173574343671941003R,2025-01-19,0,111,5960,13829,421818,517,541,0
173651841972212,173651841972212001R,2025-01-28,0,111,48832,13829,421818,517,541,0
173357995882332,173357995882332001R,2025-01-06,0,111,5960,13829,421818,517,541,0
173464867513069,173464867513069002R,2025-01-11,0,111,5960,13829,421818,517,541,0
173582902678232,173582902678232001R,2025-01-07,0,111,5960,13829,421818,517,541,0
173712482125646,173712482125646002R,2025-01-26,0,111,5960,13829,421818,517,541,0
173391002035512,173391002035512076R,2025-01-18,0,111,5963,13829,421818,517,541,0
173676981615092,173676981615092008R,2025-01-27,0,111,5960,13829,421818,517,541,0
173634594825840,173634594825840013R,2025-01-13,0,111,5960,13829,421818,517,541,0
173669426059757,173669426059757003R,2025-01-14,0,111,5960,13829,421818,517,541,0
173204138489583,173204138489583001R,2025-01-25,0,111,5960,13829,421818,517,541,0
172969333780561,172969333780561004R,2025-01-05,0,111,5963,13829,421818,517,541,0
173021089973995,173021089973995004R,2025-01-04,0,111,5960,13829,421818,517,541,0
173676320398460,173676320398460001R,2025-01-27,0,111,5960,13829,421818,517,541,0
173556855551406,173556855551406013R,2025-01-07,0,111,5960,13829,421818,517,541,0
173150405381311,173150405381311018R,2025-01-06,0,111,5963,13829,421818,517,541,0
173757828581733,173757828581733002R,2025-01-27,0,111,5960,13829,421818,517,541,0
172827551712365,172827551712365003R,2025-01-02,0,111,5960,13829,421818,517,541,0
173029611458289,173029611458289001R,2025-01-05,0,111,5963,13829,421818,517,541,0
172969333780561,172969333780561009R,2025-01-05,0,111,5963,13829,421818,517,541,0
172969333780561,172969333780561006R,2025-01-05,0,111,5963,13829,421818,517,541,0
173584905849702,173584905849702001R,2025-01-12,0,111,5960,13829,421818,517,541,0
173727769492213,173727769492213001R,2025-01-26,0,111,5960,13829,421818,517,541,0
173669426059757,173669426059757002R,2025-01-14,0,111,5960,13829,421818,517,541,0
172987415527233,172987415527233001R,2025-01-05,0,111,5963,13829,421818,517,541,0
173452679915783,173452679915783001R,2025-01-25,0,111,5960,13829,421818,517,541,0
173036240763984,173036240763984002R,2025-01-04,0,111,5960,13829,421818,517,541,0
172949269291725,172949269291725001R,2025-01-03,0,111,5960,13829,421818,517,541,0
173625726686325,173625726686325001R,2025-01-10,0,111,5960,13829,421818,517,541,0
173749317652158,173749317652158002R,2025-01-27,0,111,5960,13829,421818,517,541,0
173142056347838,173142056347838001R,2025-01-01,0,111,5960,13829,421818,517,541,0
172944936344236,172944936344236002R,2025-01-03,0,111,5960,13829,421818,517,541,0
172969333780561,172969333780561079R,2025-01-05,0,111,5963,13829,421818,517,541,0
173685383564599,173685383564599002R,2025-01-16,0,111,5960,13829,421818,517,541,0
173551790011071,173551790011071001R,2025-01-07,0,111,5960,13829,421818,517,541,0
172969333780561,172969333780561031R,2025-01-05,0,111,5963,13829,421818,517,541,0
173616020114638,173616020114638001R,2025-01-19,0,111,5960,13829,421818,517,541,0
173020674490033,173020674490033016R,2025-01-05,0,111,5960,13829,421818,517,541,0
173332662455672,173332662455672007R,2025-01-04,0,111,5960,13829,421818,517,541,0
173391002035512,173391002035512040R,2025-01-18,0,111,5963,13829,421818,517,541,0
173150405381311,173150405381311015R,2025-01-06,0,111,5963,13829,421818,517,541,0
172969333780561,172969333780561097R,2025-01-05,0,111,5963,13829,421818,517,541,0
173402107429547,173402107429547002R,2025-01-25,0,111,5960,13829,421818,517,541,0
173615763942671,173615763942671002R,2025-01-19,0,111,5960,13829,421818,517,541,0
172977106391680,172977106391680002R,2025-01-03,0,111,5963,13829,421818,517,541,0
173391002035512,173391002035512039R,2025-01-18,0,111,5963,13829,421818,517,541,0
172934334778485,172934334778485001R,2025-01-02,0,111,5960,13829,421818,517,541,0
173745462346883,173745462346883002R,2025-01-28,0,111,5960,13829,421818,517,541,0
172950020195540,172950020195540025R,2025-01-03,0,111,5960,13829,421818,517,541,0
173501685826291,173501685826291001R,2025-01-07,0,111,5960,13829,421818,517,541,0
173020674490033,173020674490033001R,2025-01-05,0,111,5960,13829,421818,517,541,0
173689553915977,173689553915977001R,2025-01-16,0,111,5960,13829,421818,517,541,0
173021089973995,173021089973995003R,2025-01-04,0,111,5960,13829,421818,517,541,0
173030641942544,173030641942544001R,2025-01-04,0,111,5960,13829,421818,517,541,0
172969333780561,172969333780561064R,2025-01-05,0,111,5963,13829,421818,517,541,0
173451627615639,173451627615639001R,2025-01-16,0,111,5960,13829,421818,517,541,0
173047052661449,173047052661449001R,2025-01-12,0,111,5960,13829,421818,517,541,0
173556158433699,173556158433699001R,2025-01-03,0,111,5960,13829,421818,517,541,0
172941687156152,172941687156152001R,2025-01-02,0,111,5960,13829,421818,517,541,0
172986636747235,172986636747235002R,2025-01-03,0,111,5960,13829,421818,517,541,0
173550786948137,173550786948137001R,2025-01-18,0,111,5960,13829,421818,517,541,0
173695167735449,173695167735449001R,2025-01-27,0,111,5960,13829,421818,517,541,0
173599962192102,173599962192102002R,2025-01-07,0,111,5960,13829,421818,517,541,0
173626564880808,173626564880808014R,2025-01-13,0,111,5960,13829,421818,517,541,0
172969333780561,172969333780561085R,2025-01-05,0,111,5963,13829,421818,517,541,0
173021089973995,173021089973995002R,2025-01-04,0,111,5960,13829,421818,517,541,0
173228104709355,173228104709355014R,2025-01-06,0,111,5960,13829,421818,517,541,0
172978968779669,172978968779669002R,2025-01-04,0,111,5960,13829,421818,517,541,0
173594400967668,173594400967668002R,2025-01-19,0,111,5960,13829,421818,517,541,0
172969333780561,172969333780561003R,2025-01-05,0,111,5963,13829,421818,517,541,0
173020674490033,173020674490033002R,2025-01-05,0,111,5960,13829,421818,517,541,0
172948113427372,172948113427372003R,2025-01-03,0,111,5960,13829,421818,517,541,0
173142056347838,173142056347838002R,2025-01-01,0,111,5960,13829,421818,517,541,0
173696587369124,173696587369124001R,2025-01-17,0,111,5960,13829,421818,517,541,0
173599962192102,173599962192102001R,2025-01-07,0,111,5960,13829,421818,517,541,0
173696587369124,173696587369124002R,2025-01-17,0,111,5960,13829,421818,517,541,0
173772317987819,173772317987819001R,2025-01-28,0,111,5960,13829,421818,517,541,0
173686645355802,173686645355802002R,2025-01-26,0,111,5960,13829,421818,517,541,0
172895639669871,172895639669871002R,2025-01-02,0,111,5960,13829,421818,517,541,0
172885792119753,172885792119753001R,2025-01-02,0,111,5960,13829,421818,517,541,0
172971272581672,172971272581672002R,2025-01-03,0,111,5960,13829,421818,517,541,0
173357995882332,173357995882332002R,2025-01-06,0,111,5960,13829,421818,517,541,0
173150405381311,173150405381311002R,2025-01-06,0,111,5963,13829,421818,517,541,0
173784259851598,173784259851598001R,2025-01-28,0,111,5960,13829,421818,517,541,0
173333695026582,173333695026582001R,2025-01-04,0,111,5960,13829,421818,517,541,0
173150405381311,173150405381311001R,2025-01-06,0,111,5963,13829,421818,517,541,0
173402107429547,173402107429547001R,2025-01-25,0,111,5960,13829,421818,517,541,0
172969333780561,172969333780561032R,2025-01-05,0,111,5963,13829,421818,517,541,0
172950020195540,172950020195540001R,2025-01-03,0,111,5963,13829,421818,517,541,0
173151311685541,173151311685541002R,2025-01-07,0,111,8942,13829,421818,517,541,0
173651841972212,173651841972212004R,2025-01-28,0,111,48832,13829,421818,517,541,0
173475262167176,173475262167176007R,2025-01-25,0,111,5960,13829,421818,517,541,0
173696526492254,173696526492254001R,2025-01-17,0,111,5960,13829,421818,517,541,0
172969333780561,172969333780561002R,2025-01-05,0,111,5963,13829,421818,517,541,0
173150405381311,173150405381311010R,2025-01-06,0,111,5963,13829,421818,517,541,0
173391002035512,173391002035512002R,2025-01-18,0,111,5963,13829,421818,517,541,0
173391002035512,173391002035512079R,2025-01-18,0,111,5963,13829,421818,517,541,0
173030641942544,173030641942544003R,2025-01-04,0,111,5960,13829,421818,517,541,0
173551790011071,173551790011071002R,2025-01-07,0,111,5960,13829,421818,517,541,0
172950020195540,172950020195540014R,2025-01-03,0,111,5963,13829,421818,517,541,0
173228104709355,173228104709355015R,2025-01-06,0,111,5960,13829,421818,517,541,0
173612010392285,173612010392285002R,2025-01-08,0,111,5960,13829,421818,517,541,0
173151311685541,173151311685541004R,2025-01-07,0,111,8942,13829,421818,517,541,0
173389321163749,173389321163749032R,2025-01-25,0,111,5960,13829,421818,517,541,0
173551790011071,173551790011071017R,2025-01-07,0,111,5960,13829,421818,517,541,0
173031780524871,173031780524871002R,2025-01-04,0,111,5960,13829,421818,517,541,0
173676320398460,173676320398460002R,2025-01-27,0,111,5960,13829,421818,517,541,0
173559705685372,173559705685372004R,2025-01-17,0,111,5960,13829,421818,517,541,0
173732172533444,173732172533444002R,2025-01-27,0,111,5960,13829,421818,517,541,0
172977106391680,172977106391680025R,2025-01-03,0,111,5960,13829,421818,517,541,0
173150405381311,173150405381311020R,2025-01-06,0,111,5963,13829,421818,517,541,0
173644387147082,173644387147082019R,2025-01-12,0,111,5960,13829,421818,517,541,0
173495804603883,173495804603883001R,2025-01-06,0,111,5960,13829,421818,517,541,0
173228104709355,173228104709355016R,2025-01-06,0,111,5960,13829,421818,517,541,0
173124955290385,173124955290385002R,2025-01-03,0,111,5960,13829,421818,517,541,0
173389321163749,173389321163749005R,2025-01-25,0,111,5960,13829,421818,517,541,0
173602958087277,173602958087277001R,2025-01-07,0,111,5960,13829,421818,517,541,0
172950020195540,172950020195540022R,2025-01-03,0,111,5960,13829,421818,517,541,0
173150405381311,173150405381311009R,2025-01-06,0,111,5963,13829,421818,517,541,0
173582757283238,173582757283238001R,2025-01-02,0,111,48832,13829,421818,517,541,0
173608909512303,173608909512303001R,2025-01-19,0,111,5960,13829,421818,517,541,0
173555054156861,173555054156861001R,2025-01-18,0,111,5960,13829,421818,517,541,0
173556855551406,173556855551406026R,2025-01-07,0,111,5960,13829,421818,517,541,0
173020674490033,173020674490033010R,2025-01-05,0,111,5960,13829,421818,517,541,0
173512544825724,173512544825724001R,2025-01-03,0,111,5960,13829,421818,517,541,0
172971272581672,172971272581672001R,2025-01-03,0,111,5960,13829,421818,517,541,0
173644387147082,173644387147082010R,2025-01-12,0,111,5960,13829,421818,517,541,0
173150405381311,173150405381311017R,2025-01-06,0,111,5963,13829,421818,517,541,0
173150405381311,173150405381311007R,2025-01-06,0,111,5963,13829,421818,517,541,0
173089248189777,173089248189777001R,2025-01-01,0,111,5963,13829,421818,517,541,0
173627124268757,173627124268757001R,2025-01-10,0,111,5960,13829,421818,517,541,0
172827551712365,172827551712365002R,2025-01-02,0,111,5960,13829,421818,517,541,0
173558612934221,173558612934221001R,2025-01-14,0,111,5960,13829,421818,517,541,0
173627124268757,173627124268757002R,2025-01-10,0,111,5960,13829,421818,517,541,0
173687287318534,173687287318534001R,2025-01-17,0,111,5963,13829,421818,517,541,0
172969333780561,172969333780561058R,2025-01-05,0,111,5963,13829,421818,517,541,0
173366487105333,173366487105333002R,2025-01-07,0,111,5960,13829,421818,517,541,0
173646332234282,173646332234282001R,2025-01-26,0,111,5960,13829,421818,517,541,0
173683435509225,173683435509225002R,2025-01-17,0,111,5960,13829,421818,517,541,0
173409390818677,173409390818677001R,2025-01-25,0,111,5960,13829,421818,517,541,0
172969333780561,172969333780561008R,2025-01-05,0,111,5963,13829,421818,517,541,0
173429781429527,173429781429527013R,2025-01-25,0,111,5960,13829,421818,517,541,0
173357995882332,173357995882332003R,2025-01-06,0,111,5960,13829,421818,517,541,0
173391002035512,173391002035512077R,2025-01-18,0,111,5963,13829,421818,517,541,0
173014828278960,173014828278960001R,2025-01-04,0,111,5960,13829,421818,517,541,0
173676981615092,173676981615092001R,2025-01-27,0,111,5960,13829,421818,517,541,0
173632103406837,173632103406837001R,2025-01-26,0,111,5960,13829,421818,517,541,0
172943399407457,172943399407457010R,2025-01-03,0,111,5960,13829,421818,517,541,0
172943399407457,172943399407457001R,2025-01-03,0,111,5960,13829,421818,517,541,0
173551790011071,173551790011071003R,2025-01-07,0,111,5960,13829,421818,517,541,0
172940379826243,172940379826243001R,2025-01-02,0,111,5960,13829,421818,517,541,0
172969333780561,172969333780561061R,2025-01-05,0,111,5963,13829,421818,517,541,0
173089248189777,173089248189777002R,2025-01-01,0,111,5963,13829,421818,517,541,0
172950020195540,172950020195540002R,2025-01-03,0,111,5963,13829,421818,517,541,0
173475210716373,173475210716373001R,2025-01-26,0,111,5960,13829,421818,517,541,0
173574343671941,173574343671941002R,2025-01-19,0,111,5960,13829,421818,517,541,0
173475262167176,173475262167176001R,2025-01-25,0,111,5960,13829,421818,517,541,0
173357995882332,173357995882332004R,2025-01-06,0,111,5960,13829,421818,517,541,0
172965746739649,172965746739649002R,2025-01-03,0,111,5960,13829,421818,517,541,0
173612010392285,173612010392285001R,2025-01-08,0,111,5960,13829,421818,517,541,0
173546531090405,173546531090405008R,2025-01-01,0,111,5960,85252,429224,517,541,0
172380745238629,172380745238629002R,2025-01-27,22.25,111,44587,15569,411332,830,541,0
172380745238629,172380745238629012R,2025-01-27,22.25,111,44587,15569,411332,830,541,0
172787220654645,172787220654645001R,2025-01-29,28.75,31.25,6458,61426,415014,830,541,0
172754371940143,172754371940143004R,2025-01-29,28.75,31.25,6458,61426,415014,830,541,0
172754371940143,172754371940143001R,2025-01-30,28.75,31.25,6458,61426,415014,830,541,0
172754371940143,172754371940143005R,2025-01-30,28.75,31.25,6458,61426,415014,830,541,0
172795715246714,172795715246714001R,2025-01-29,28.75,31.25,6458,61426,415014,830,541,0
172795715246714,172795715246714002R,2025-01-29,28.75,31.25,6458,61426,415014,830,541,0
172754371940143,172754371940143003R,2025-01-29,28.75,31.25,6458,61426,415014,830,541,0
172736300404980,172736300404980002R,2025-01-29,28.75,31.25,6458,61426,415014,830,541,0
172736300404980,172736300404980001R,2025-01-29,28.75,31.25,6458,61426,415014,830,541,0
172726137543180,172726137543180002R,2025-01-29,28.75,31.25,6458,61426,415014,830,541,0
172754371940143,172754371940143006R,2025-01-30,28.75,31.25,6458,61426,415014,830,541,0
172787220654645,172787220654645002R,2025-01-29,28.75,31.25,6458,61426,415014,830,541,0
172754371940143,172754371940143002R,2025-01-30,28.75,31.25,6458,61426,415014,830,541,0
172726137543180,172726137543180001R,2025-01-29,28.75,31.25,6458,61426,415014,830,541,0
173587391178707,173587391178707001R,2025-01-23,0,111,5960,70902,350997,517,541,0
172850688291739,172850688291739002R,2025-01-02,0,111,5960,70902,350997,517,541,0
172850688291739,172850688291739001R,2025-01-02,0,111,5960,70902,350997,517,541,0
173587391178707,173587391178707011R,2025-01-23,0,111,5960,70902,350997,517,541,0
173574179742459,173574179742459001R,2025-01-03,0,111,5960,70902,350997,517,541,0
173269898468450,173269898468450001R,2025-01-03,0,111,5960,13826,272822,517,541,0
173536768500613,173536768500613015R,2025-01-07,0,111,5960,13826,272822,517,541,0
173004218887687,173004218887687002R,2025-01-27,0,111,5960,13826,272822,517,541,0
173004218887687,173004218887687001R,2025-01-27,0,111,5960,13826,272822,517,541,0
173210492206209,173210492206209001R,2025-01-02,0,111,5960,13826,272822,517,541,0
173270104878091,173270104878091001R,2025-01-23,0,111,5960,13826,272822,517,541,0
173270104878091,173270104878091002R,2025-01-23,0,111,5960,13826,272822,517,541,0
173210492206209,173210492206209002R,2025-01-02,0,111,5960,13826,272822,517,541,0
173536768500613,173536768500613016R,2025-01-07,0,111,5960,13826,272822,517,541,0
173269898468450,173269898468450002R,2025-01-03,0,111,5960,13826,272822,517,541,0
172907827049642,172907827049642007R,2025-07-09,31.92,34.2,8423,15590,428508,830,541,0
173265141254740,173265141254740003R,2025-01-03,30,33.6,9029,15605,339950,830,541,0
173265141254740,173265141254740004R,2025-01-03,30,33.6,9029,15605,339950,830,541,0
173658008153349,173658008153349004R,2025-01-12,0,111,5960,13829,421821,517,541,0
173608909512303,173608909512303005R,2025-01-19,0,111,5960,13829,421821,517,541,0
172264656259494,172264656259494003R,2025-01-02,16.5,111,44587,25041,319201,830,541,0
172264656259494,172264656259494004R,2025-01-02,16.5,111,44587,25041,319201,830,541,0
172264656259494,172264656259494002R,2025-01-02,16.5,111,44587,25041,319201,830,541,0
172264656259494,172264656259494001R,2025-01-02,16.5,111,44587,25041,319201,830,541,0
173685652864658,173685652864658003R,2025-01-17,0,111,5960,14357,450866,517,541,0
173794997497565,1737949974975659001R,2025-01-28,69,111,49503,0,0,830,541,0
173589198903772,1735891989037729001R,2025-01-07,45,111,5963,0,0,517,541,0
173015026711101,1730150267111019004R,2025-02-01,4.62,111,5960,0,0,517,541,0
173712482125646,1737124821256469001R,2025-01-26,51.75,111,5960,0,0,517,541,0
173613129294544,1736131292945449001R,2025-01-10,9.4,111,5960,0,0,517,541,0
173523836251923,1735238362519239001R,2025-01-19,23,111,5960,0,0,517,541,0
173434177531526,1734341775315269002R,2025-01-21,138,111,8942,0,0,517,541,0
173598714876211,1735987148762119001R,2025-01-06,36,111,5963,0,0,517,541,0
173555054156861,1735550541568619001R,2025-01-18,11.5,111,5960,0,0,517,541,0
173626564880808,1736265648808089002R,2025-01-13,66,111,5960,0,0,517,541,0
173549884816668,1735498848166689001R,2025-01-07,9.66,111,5960,0,0,517,541,0
173728056254425,1737280562544259001R,2025-01-20,31,111,5960,0,0,517,541,0
173676981615092,1736769816150929001R,2025-01-27,34.5,111,5960,0,0,517,541,0
173632103406837,1736321034068379001R,2025-01-26,34.5,111,5960,0,0,517,541,0
172113133587168,172113133587168901R,2025-01-13,7,111,5960,0,0,517,541,0
173574343671941,1735743436719419001R,2025-01-19,45,111,5960,0,0,517,541,0
173258352262719,1732583522627199002R,2025-01-10,16.8,111,5960,0,0,517,541,0
173133215854713,1731332158547139001R,2025-01-05,45,111,5963,0,0,517,541,0
172651744235699,1726517442356999002R,2025-01-18,17.5,111,5960,0,0,517,541,0
173757754562944,1737577545629449001R,2025-01-27,34.5,111,5960,0,0,517,541,0
173434177531526,1734341775315269001R,2025-01-21,138,111,8942,0,0,517,541,0
173556855551406,1735568555514069002R,2025-01-07,44,111,5960,0,0,517,541,0
173568057265474,1735680572654749001R,2025-01-10,7.7,111,5960,0,0,517,541,0
173556855551406,1735568555514069003R,2025-01-07,44,111,5960,0,0,517,541,0
173343111780593,1733431117805939001R,2025-01-03,8.75,111,5960,0,0,517,541,0
173583093587683,1735830935876839001R,2025-01-19,23,111,5960,0,0,517,541,0
173343117547663,1733431175476639002R,2025-01-25,39.9,111,5960,0,0,517,541,0
173015026711101,1730150267111019001R,2025-01-25,4.62,111,5960,0,0,517,541,0
173598717398953,1735987173989539001R,2025-01-07,45,111,5963,0,0,517,541,0
173283126860271,1732831268602719001R,2025-01-04,41.3,111,5960,0,0,517,541,0
171675078489604,171675078489604901R,2025-01-09,16.8,111,5960,0,0,517,541,0
173707531188858,1737075311888589001R,2025-01-26,17.25,111,5960,0,0,517,541,0
173590834832643,1735908348326439001R,2025-01-04,12,111,8942,0,0,517,541,0
173745462346883,1737454623468839001R,2025-01-28,34.5,111,5960,0,0,517,541,0
173361151682111,1733611516821119002R,2025-01-09,13.16,111,5960,0,0,517,541,0
173228104709355,1732281047093559001R,2025-01-04,41.65,111,5960,0,0,517,541,0
173583972324426,1735839723244269001R,2025-01-13,11.5,111,5960,0,0,517,541,0
173591606537983,1735916065379839001R,2025-01-10,90,111,5963,0,0,517,541,0
173667474513569,1736674745135699001R,2025-01-26,50.25,111,5960,0,0,517,541,0
173538321668209,1735383216682099001R,2025-01-02,170,111,8942,0,0,517,541,0
172651744235699,172651744235699901R,2025-01-18,17.5,111,5960,0,0,517,541,0
173620051809096,1736200518090969001R,2025-01-10,83.25,111,5960,0,0,517,541,0
173676981615092,1736769816150929002R,2025-01-27,34.5,111,5960,0,0,517,541,0
173644387147082,1736443871470829003R,2025-01-12,41.25,111,5960,0,0,517,541,0
173696587369124,1736965873691249001R,2025-01-17,34.5,111,5960,0,0,517,541,0
173265003124759,1732650031247599001R,2025-01-20,33.95,111,5960,0,0,517,541,0
173661271935691,1736612719356919001R,2025-01-17,34.5,111,5960,0,0,517,541,0
173227523929097,1732275239290979001R,2025-01-25,50,111,8942,0,0,517,541,0
173475262167176,1734752621671769002R,2025-01-25,22,111,5960,0,0,517,541,0
173558185777702,1735581857777029002R,2025-01-10,14,111,5960,0,0,517,541,0
173757828581733,1737578285817339001R,2025-01-27,50.25,111,5960,0,0,517,541,0
173314029774273,1733140297742739001R,2025-01-02,90,111,5963,0,0,517,541,0
173495804603883,1734958046038839001R,2025-01-06,34.5,111,5960,0,0,517,541,0
173632815203601,1736328152036019001R,2025-01-26,48.75,111,5960,0,0,517,541,0
173543806314663,1735438063146639001R,2025-01-02,42,111,5960,0,0,517,541,0
173787835344555,1737878353445559001R,2025-01-27,90,111,5963,0,0,517,541,0
173464867513069,1734648675130699001R,2025-01-11,23,111,5960,0,0,517,541,0
173584905849702,1735849058497029001R,2025-01-12,23,111,5960,0,0,517,541,0
173489035650213,1734890356502139001R,2025-01-02,26.1,111,5960,0,0,517,541,0
173161399416112,1731613994161129001R,2025-01-03,51.8,111,5960,0,0,517,541,0
173258352262719,1732583522627199001R,2025-01-10,16.8,111,5960,0,0,517,541,0
173583093587683,1735830935876839002R,2025-01-19,23,111,5960,0,0,517,541,0
173475210716373,1734752107163739001R,2025-01-26,33.5,111,5960,0,0,517,541,0
173265003124759,1732650031247599002R,2025-01-20,33.95,111,5960,0,0,517,541,0
173589977904013,1735899779040139001R,2025-01-09,90,111,5963,0,0,517,541,0
172576347649834,172576347649834901R,2025-01-03,25.9,111,5960,0,0,517,541,0
173580142689327,1735801426893279001R,2025-01-13,23,111,5960,0,0,517,541,0
172643455572165,172643455572165901R,2024-12-28,37.1,111,5960,0,0,517,541,0
173015026711101,1730150267111019003R,2025-01-30,4.62,111,5960,0,0,517,541,0
173626564880808,1736265648808089001R,2025-01-13,66,111,5960,0,0,517,541,0
173780375711327,1737803757113279001R,2025-01-27,90,111,5963,0,0,517,541,0
173662104984266,1736621049842669001R,2025-01-17,48.75,111,5960,0,0,517,541,0
173602958087277,1736029580872779001R,2025-01-07,33.5,111,5960,0,0,517,541,0
173475262167176,1734752621671769001R,2025-01-25,22,111,5960,0,0,517,541,0
173625726686325,1736257266863259001R,2025-01-10,50.25,111,5960,0,0,517,541,0
173616020114638,1736160201146389001R,2025-01-19,34.5,111,5960,0,0,517,541,0
173015026711101,1730150267111019002R,2025-01-30,4.62,111,5960,0,0,517,541,0
173634594825840,1736345948258409002R,2025-01-13,34.5,111,5960,0,0,517,541,0
173596979740783,1735969797407839001R,2025-01-26,27.5,111,5960,0,0,517,541,0
173805203093589,1738052030935899001R,2025-01-29,17.25,111,5960,0,0,517,541,0
173549884816668,1735498848166689002R,2025-01-07,9.66,111,5960,0,0,517,541,0
173688623215740,1736886232157409001R,2025-01-17,33,111,5960,0,0,517,541,0
173559420048368,1735594200483689001R,2025-01-20,17.5,111,5960,0,0,517,541,0
173160178846992,1731601788469929001R,2025-01-05,34.5,111,5963,0,0,517,541,0
171675078489604,1716750784896049002R,2025-01-09,16.8,111,5960,0,0,517,541,0
173539498649942,1735394986499429001R,2025-01-04,45,111,5963,0,0,517,541,0
173558707415097,1735587074150979001R,2025-01-11,230,111,8942,0,0,517,541,0
173454029229861,1734540292298619001R,2025-01-04,16.1,111,5963,0,0,517,541,0
173160991166568,1731609911665689001R,2025-01-04,46.5,111,5960,0,0,517,541,0
173669426059757,1736694260597579001R,2025-01-14,74.25,111,5960,0,0,517,541,0
173151311685541,1731513116855419001R,2025-01-07,115,111,8942,0,0,517,541,0
173599012657700,1735990126577009001R,2025-01-10,30,111,5963,0,0,517,541,0
173140041351567,1731400413515679001R,2025-01-03,21.7,111,5960,0,0,517,541,0
173746817043649,1737468170436499001R,2025-01-25,75,111,8942,0,0,517,541,0
173029611458289,1730296114582899001R,2025-01-05,115,111,5963,0,0,517,541,0
173480325066667,1734803250666679001R,2025-01-18,13.16,111,5960,0,0,517,541,0
173608909512303,1736089095123039001R,2025-01-19,44,111,5960,0,0,517,541,0
173644387147082,1736443871470829001R,2025-01-12,41.25,111,5960,0,0,517,541,0
173542531097189,1735425310971899001R,2025-01-13,11.5,111,5960,0,0,517,541,0
173645722106805,1736457221068059001R,2025-01-12,55.5,111,5960,0,0,517,541,0
173644387147082,1736443871470829002R,2025-01-12,41.25,111,5960,0,0,517,541,0
173699306751184,1736993067511849001R,2025-01-27,34.5,111,5960,0,0,517,541,0
173701760494984,1737017604949849001R,2025-01-17,66,111,5960,0,0,517,541,0
173361151682111,1733611516821119001R,2025-01-09,13.16,111,5960,0,0,517,541,0
173556855551406,1735568555514069001R,2025-01-07,44,111,5960,0,0,517,541,0
173613129294544,1736131292945449002R,2025-01-10,9.4,111,5960,0,0,517,541,0
173764332832632,1737643328326329001R,2025-01-27,33,111,5960,0,0,517,541,0
173703278202146,1737032782021469001R,2025-01-17,45,111,5963,0,0,517,541,0
173689553915977,1736895539159779001R,2025-01-16,17.25,111,5960,0,0,517,541,0
173558185777702,1735581857777029001R,2025-01-10,14,111,5960,0,0,517,541,0
173696526492254,1736965264922549001R,2025-01-17,81.75,111,5960,0,0,517,541,0
173343117547663,1733431175476639001R,2025-01-25,39.9,111,5960,0,0,517,541,0
173728123904838,1737281239048389001R,2025-01-27,17.25,111,5960,0,0,517,541,0
173738345387514,1737383453875149001R,2025-01-22,60,111,5963,0,0,517,541,0
173762438251851,1737624382518519001R,2025-01-25,60,111,5963,0,0,517,541,0
173668433390445,1736684333904459001R,2025-01-27,33,111,5960,0,0,517,541,0
173628472274619,1736284722746199001R,2025-01-25,34.5,111,5960,0,0,517,541,0
173634594825840,1736345948258409001R,2025-01-13,34.5,111,5960,0,0,517,541,0
173687287318534,1736872873185349001R,2025-01-17,34.5,111,5963,0,0,517,541,0
173724005948106,1737240059481069001R,2025-01-27,17.25,111,5960,0,0,517,541,0
173015026711101,1730150267111019005R,2025-02-01,4.62,111,5960,0,0,517,541,0
173686645355802,1736866453558029001R,2025-01-26,34.5,111,5960,0,0,517,541,0
173641494630580,1736414946305809001R,2025-01-26,34.5,111,5960,0,0,517,541,0
173658008153349,1736580081533499001R,2025-01-12,50.25,111,5960,0,0,517,541,0
173316418230407,1733164182304079001R,2025-01-03,17.5,111,5960,0,0,517,541,0
172978812937621,172978812937621002R,2025-01-06,0,111,5963,15569,427015,517,541,0
173541733166861,173541733166861002R,2025-01-09,0,111,5960,70893,351001,517,541,0
173541733166861,173541733166861001R,2025-01-09,0,111,5960,70893,351001,517,541,0
